content,title
"저두 갑니다~~시댁 ㅋ막둥이가 효자인지 학원수업중이예요 ㅋ7시반에 학원앞으로 픽업간다고 해놓고일단,개둘 냥이 짐싸서 차에 싣고남편 옷챙겨놓고 대기중입니다~남편은오늘도 일이 있어서 순천에서 일보고 해남집으로 바로 온다는데길이 막힐듯합니다^^전화해야겠네요ㆍ어머니~~뭐사가면 될까요 ㅋ내가 좋아하는 새우나 사갈까나~~우갱님들,즐겁게 명절 지내세요~~~25일 달이 제일 밝다네요♡",가방 싸두고~~
낼부터  귀경길이시작되네요 저희시댁에는  며느리가 셋있어요 저보다 동서들이 나이가 많아요 어머님돌아가시고  1년넘게  명절장이며 제사장이며   다보았네요 제사음식이야  저랑동서둘이서 하지만 명절당일날  제사다지내고 동서둘은  오후되면 다 친정으로 가요 솔직히 저도 가고싶은  마음은 굴뚝같죠 동서어머님께서    저희시어머님돌아가시고 얼마 안되서 돌아가셨어요 그래서 저도   사돈어른생각해서  항상먼저가라고했어요  둘째동서한테  이번에는추석  당일날 시댁에서 자고 그다음날 아침에 가라니까 저도  친정에 손님치르고   친척집에도 가야한다네요  에휴  제가 무슨이야기를 하겠어요 동서는 자기생각밖에 안하더라구요  솔직히 시댁에 있으면  손님치르야하니까   하기싫겠죠 시누들도  오고하니까   더힘들겠죠 ~ 자꾸 이른동서가  미워지내요~,며느리셋
"이번 명절에는 친정시댁 아무데도 가지못해서조금전에 엄마께 전화를 드렸어요통화를 자주하지는 못해요통화끝에 늘 마음이 상하기때문에제가 자주 전화를 못하죠엄마야 늘 바쁘시니 제게 전화하실 시간따위는 없으시고요오늘도 거의 한달만에망설이다 전화한건데여지없이""그래 이번추석때 못온다구?알았다나지금 막 나가려던 참이라 그만 끊는다""딸깍제가 어찌 지내는지안부한번  묻는법이 없어요대체로 엄마친구분들얘기 아빠흉보기 이모들얘기이모들 며느리들얘기 이런얘기를 주로 혼자 하시다가전화왔다, 나가봐야한다면서일방적으로 딸깍 끊어버리세요전화가 끊어지면저는 잠시 어리둥절해서전화기를 멍하니 바라봅니다늘 이런식우갱님들은친정엄마랑 통화하실때어떤얘기들을 하시나요?저는 제얘기를 엄마한테 해본적이 없어서..ㅡ엄마가 듣고싶어하시지를 않아요말할 기회도 안주시고요다정하고 사랑이 많은 엄마가 있으신분들세상에서 젤  부러워요",늘 쌀쌀맞은 우리엄마
누군가 지은신 시...명절만 되면..초히트를 달리는 시..이분이..시인이 되셨어야..하는데..모두..몸살없이..추석보내세요~~^^,며느리의 시~~
"남의넘은 며칠만 일하면 5일쉰다고 좋아라했지만... 난 벌써 아니 그전부터 시집가서 불편한 얼굴들 볼 생각에 짜증이 나요.. 먹고싶지도 않은데 차려야되고 치워야되고 설거지해야되고..... 나도 남의집 귀한 자식인데 왜 시가만 가면 부엌떼기가 되어야만 하는지...  왜 그런 문화가 당연하게 자리잡았는지...  전 나중에 자식들 결혼시키면 며느리, 딸은 상 차리고.. 사위, 아들은 설거지시킬거에요..  제친구는 시집이 편하대요.. 터치하는게 없고 시가노릇안한대요..   전 시집살이로 시작해서 쌓인감정이 많은데 그릇이 작아그런지 아직 해소가 안되요..  법륜스님이 시가를 직장으로 생각하라고 하더라구요..  명절에시집갈래.. 출근할래 물으면...전 숨쉬지도않고 출근할거라 대답할거에요..      ",주말이면 시집가야긋네요... ㅜ
"어제 제가 신랑한테 그랬어요 느그 어머니한테 전화좀 하라고~~ 본인도 전화를 잘 안하는 사람이 하는 말 며느리인 니가 오랫만에 전화좀 하라고~~ ㅠㅠ 나 전화하기 싫타고 뻔히 알면서 왜 나 시키냐고 짜증을 ㅋㅋㅋ 며칠전에 큰애가 휴가를 나와서 이번주 토욜날 잠깐 들러서 오자고 한거거든요 나중에 알면 또 궁시렁 거릴까봐서 ㅋ 미연에 방지.... 안하고 있길래 핸드폰을 손에 쥐어주면서 빨리 전화하라고 했더니 결국은 통화 하더라구요 큰애랑도 통화하고~~ 결국은 이번주에 잠깐 갔다오는걸로 마무리 저도 예전에는 이러지 않았어요~~  그 전 이야기를 하자면 좀 길어요 ㅎ  전 두아이를 키우는 엄마예요(아들만 둘) 큰애랑 둘째랑 2살터울 어렸을때부터 큰애랑 작은애랑 편해를 많이 하셨어요 원래 어른들이 큰애(첫아이)를 다들 이뻐라 하잔아요~~ 그러다 보니 전 작은애 편을 많이 들었던거 같아요 그러면서 작은애는 할머니를 많이 싫어했어요 큰애랑 작은애랑 표나게 그렇게 했으니깐 지금도 싫어하는 편이죠 그러다 얘들이 큰애가 7살, 작은애가 5살 무렵 제가 직장생활을 하게 되어 시어머니한테 좀 봐달라고 했더니 흔쾌히 승낙을 하셔서 큰애가 초3때까지 봐주셨어요 저랑 같이 살면서 많은걸 해드렸죠 과일도 조금씩 사다드리지 않고 박스채 안겨드렸고 그 당시 핸드폰도 해드리고 저희집에 TV가 한대밖에 없어 어머니 보시라고 따로 사드리고  전 직장 다니고 시어머니는 살림을 다 맡아서 하시고~~ 그러시더니 큰애 초3 되는해에 이젠 도저히 얘들 못보시겠다고 선언 하셨고 저보고 직장 그만다니고 애들 보라고 하신거예요 그래서 어쩔수 없이 그만두었다가 도저히 집에서 노는게 지루해서 다시 얘들 설득해서 직장을 다니게 되었네요 아주버님 집으로 들어가신다고 하셨다가 혼자 살고 싶으시다고 해서 혼자사시거든요 저희집에서 멀지않는곳이죠 가까이 딸도 살고 있구요  큰애 중3, 작은애 중1이 되었을 무렵 그 당시 저희 신랑 회사가 큰건물로 사서 이사를 가려고 준비중이었던거예요 그걸 신랑이 전기며 여러가지로 신경도 쓰고 일요일인 쉬는날도 계속 회사를 나갔어요 제가 머라고 했거든요 자기 회사도 아니면서 사장이 신경쓸일을 왜 자기가 나서서 하냐고 쉬는날도 쉬지도 못하고 이게 모냐고 했더니 그럼 본인은 전혀 신경을 안쓰는데 어떻게 하냐면서~~  신경 쓰다보니 담배를 더 많이 피우게 되었구요 그당시 담배를 아마도 3갑정도 폈던거 같아요 수시로 담배피고 또 바로 또 피는경우가 많았으니깐  옆에서 봐도 넘 많이 핀다고 생각할 정도로 그랬으니깐요  그러다가 건강검진을 해야된다고 해서 그 무렵 건강검진을 하고  며칠 있다가 연락이 왔어요 병원에서~~ 큰 병원에 가보셔야 될것같다고 본인이 직접 가야되는데 일에 치어 결국은 제가 배우자란 이유로 대신 가게 되었지요 병명은 갑상선암으로 나오게 되었고 아는 지인으로 큰 병원에 CD랑 가지고 검진을 받게 되었는데 결국은 수술을 하기로 했어요 그래도 시댁을 알려야 할거 같아 알렸고 막내 시누라는 사람은 그거 별거 아니라고 우습게 넘기고 참 그소리 듣는데 참 어이가 없더군요 자기 동생인데도 말을 어떻게 그 딴식으로 하는지 저도 갑상선은 별거 아니라고 하지만 그래도 일단 암이라는 단어가 들어가니 좀 조심스럽잔아요~~ 그 당시 전 직장을 다니는 상태라 수술한날은 저도 얘들도 같이 쉬었어요 아빠가 수술을 하는데 그건 아닌거 같아서~~ 수술은 잘 되었고 아침엔 출근하느라 바빠서 들르지도 못하고 퇴근길에만 갔었어요 회사랑 병원이랑은 끝과끝이라 엄청 피곤했거든요 신랑은 내가 중증도 아닌데 왜 맨날 오냐고 오지말고 집에서 쉬라고 성화였어요 다 움직일수 있는데 있을 필요도 없다고 해서 병원에서 자는건 아예 생각도 안했지요  근데 시어머니라는 분은 그걸 못 마땅했어요 본이이 수술한 다음날 부터 병원에서 아들 수발을 들기 시작한거죠 신랑은 그게 불편해서 제발 가시라고 몸도 성하신분도 아니신데 집에가서 주무시라고 해도 말을 도통 안들으신다고~~ 결국은 한 5일 입원했나봐요 주말에 퇴원을 한다고 저보고 오라고 해서  가게 되었고 시어머니 모셔다 드릴려고 맘도 먹었고 잠깐 신랑 샤워하러 간사이 나 간다고 말도 안하시고  쌩 가셨나요 참 어이없었네요  그러다 퇴원후 집에서 하루 쉬고 다시 출근을 하게 되었고 며칠 있다가 그날 다 얘들이 저랑 같이 있었어요~~ 전화가 울려 전화를 받게 되었는데 시어머니 전화 였어요 대뜸 하신얘기가 니가 얼마나 많은 스트레스를 줬길래 그런병에 걸리냐면서 막 소리를 지르시는데 얼마나 황당하던지 말도 섞기싫어서 큰애한테 전화기 주면서 할머니 말씀 끝나시면 전화 끊으라고 하면서 줬어요 그 소릴 큰애가 들었어요~~ 그러다 전화를 끊었고 작은애는 영문을 모르지 저보고 엄마 왜 그러냐고~~ 제 표정보고 알았을 거예요 할머니가 이러이러 했다고 했더니 참 어이없다고 어떻게 그렇게 이야기 하냐고 하더군요 얘들까지도 그날 퇴근후에 신랑이랑 한바탕 했어요 니가 병원에서 무슨소릴 했길래 내가 그런소리까지 들어야 되냐고~~~ 자긴 아무소리 안했다고~~~   그러면서 그때부터 시어머니한테 잘 안하게 되었네요 그러기 전엔 때마다 나오는 과일이며 여러가지 챙겨드렸는데 그 쯤부터 아무것도 안해요 전화도 집에가는것도 잘 안하게 되었구요 가끔 친정엄마한테 전화하면 항상 하는말이 느그 시어머니한테 잘하라고 했는데 제가 이런이야기를 했더니 말을 어떻게 그렇게 하냐면서 그때부터는 그런 말도 안하더라구요 ㅎㅎ  현재는 전화도 이젠 저보다 아들한테 하시고 가끔 큰애한테도 하는데 그때 부터 우리아이들도 점점 할머니하고 멀어져 가고 있어요 큰애도 어렸을때 애기하면 글쎄 내가 그랬었나 해요(그 당시 엄마보다 할머니를 더 좋아했거든요) 지금은 할머니가 집에 오라고 하면 잘 안가요 ㅋㅋㅋ 휴가 나왔다고 전화 통화했을때도 내일(오늘이죠) 오라고 했는데 그냥 토요일날 뵙겠다고 했나봐요 ㅎ  그 이후론 전 명절때하고 제삿날만 가네요 집에서 놀고 있지만 우리애들한테도 신랑한테도 난 계속 쭈~~~욱 직장다니는 사람이라고 해요",시댁 전화
시어머니 돌아가시고 새시어머니가 들어오신지 3년정도 그런 집에 시집을 갔어요 결혼하자마자 제사 준비를 제가 했어요 회사다니면서도 월차내서 서울서 모든음식 다 만들어 시댁으로 내려갔는데새시어머니 교인이시고  제사 지내는거 별로 안좋와하셔서 목사님 모시고 추도식으로도 지내보았는데 시댁 1남3녀자식들이 모두 무교라 적응이 안되서 제사를 서울로 모셔온지 15년두 넘었어요서울로 두분 오시다가 안오신지두 꽤 되었네요작년부터 새시어머니 자꾸 깜빡 깜빡 하시더니인지력이 많이 떨어지시고 치매초기전단계라고 하시네요그전에도 저희 아이들 데리고 시댁 방문할때음식 하나도 안해놓으시고 애들이 배고프다고 하면 오다가 휴게소 들러서 밥먹고 오지 그냥왔다고 애들보구 저녁까지 참으라고 했던분이에요항상 아무것도 없다 정말 냉장고에 김치밖에 없을정도루 아무것도 안해놓으셔서 제가 먹을거 해가지고 내려가야하는 부담감이 있었어요살림을 거의 아버님이 하시는 상황이고어머님이 주방에 거의 안들어가시니 제사나 명절을 다시  내려가서 지내야하나 계속 고민입니다남편한테는 아직 얘기를 안해봤어요얼씨구나할까봐요가는게 맞는걸까요???,마음이 불편하네요
오늘 친정어머니가 제 고1딸에게 전화해서 살도 빼고 공부도 열심히 하라고 뭐라고 했나봐요. 딸이 또 울더라고요. 외할머니전화 받을 때마다 딸이 울고 난리인데 제 마음도 따라 안 좋네요. 제가 할 수 있는 일이 그냥 달래 주는 일 밖에 없었어요. 친정어머니 입장에서 보면 제 딸이 공부도 안 하고 살도 쪄서 있고 하니 보기 안 좋겠죠. 제가 할 수 있는 일이 없는 것 같네요. 딸애는 공부도 싫고 살 빼기도 싫은가 봅니다. 솔직히 제 딸 아이 생각은 제가 이해를 할 수 없겠더라고요. 왜 그러는지...왠지 우울하네요. 뭘 어째야 할지도 모르겠고...,고1딸아이와 친정어머니
"저는 2남2녀중 셋째예요~자식중 ''너밖에없다'' ''너 의지하고 살께''소리를연신 듣고 살았어요~아버지는 4년전 돌연사하셨고엄만,결혼생활이 순탄치 않은 삶이였음에도아버지 돌아가신후 많이 힘들어 하시더라구요~그래서 측은지심도 들었고돌아가심 후회할것 같아엄마말에 속상해도 흔연스럽게 대했었죠ㅠ그런데 참다참다 폭발했어요~나를 그정도로 밖에 생각안했었다니ㅠ배신감이 들어 펑펑 울어었어요ㅠ근데요~후회되지는 않아요~결혼안한 남동생이랑 살고 계신데남동생에대해 충고 조언을 해주는데알아서 할테니 ''상관말라''우리일에 간섭말라남동생에게 이간질까지~전요~이해심많고형제들 우애를 위해서라면선의의 거짓말도아낌없이 하실줄아는시엄마가 친정엄마보다좋단걸 첨느껴봤어요~이상하게시리엄마랑 그렇게되자마자집전화가 고장이예요~아직까지 전화기는 두달째부재중이예요~엄만 한국에 살고 계시지않으셔서 집전화밖에이용하실줄 모르십니다~친정은 아련한 그리움이되어버린지 오래됐어요~명절 돌아오니그냥 싱숭생숭해서요끄적거려봤어요~반겨줄 친정이 계신분들너무너무 부럽습니다~저는 이번 명절에도갈때가 없습니다~ㅠ",마음을 닫아 버린것 같아요~
내용 펑해요,내용펑
오늘 갱년기교육 중에 미술심리 치료시간이 있었네여. 자신을 중심으로 가장 마음가고 애뜻한 사람으로 순위를 매겨서 색칠해보고 그 이유에 대하여 설명하는 시간을 가졌는데 살아생전에 그리 살갑지도 다정하지도 않았던 아버지가 문득 떠올라서 순위에 넣었는데 개개인 설명시간에 아버지에 대한 기억이 떠올라 울컥했던 마음이 드뎌 터져버렸어여. 요즘 눈물이 메말랐는지 눈물이 난지 꽤 오래됬는데 수도꼭지 틀은것처럼 눈물이 멈추지 않았네여. 남들앞에서 눈물을 보인다는거 별로 좋아하는 상황아닌데 한번 터져버린 감정 추스르기가 꽤 힘들었어여. 심리분석가의 얘기를 빌자면 작고하신 아버지와 아직 연을 끊지 못했거나 제 스스로 아버지에 대한 그리움 원망 이런 감정들이 정리되지 않아서 그런다합니다. 예전 우리 아버지들 자식에게 별로 다정하지 못했던 그 시대상을 이해하면서두 살아생전 아버지와의 추억을 많이 갖지 못했던 죄책감도 있고 그리움도 있고 명절이 다가오니 친정부모님 생각에 오늘의 느낌을 적어봅니다~살아계신다면 아버지가 좋아하시는 멸치쌈밥 해드리고 싶네여,아버지
제나이 50가까이 되도록 생일날 미역국은커녕 생일인지도 모르고 넘어가고 더 연세많은 울시어머님도 매년 제새일 남편생일 아이들생일에 용돈부치시는데.. 저희친정엄마 본일생일 다 대접받으시고 ..어저께 내일이 내 생일이다해도 그날 잊어버리셧다하시는 ㅡㅡ 이제는 쫌 마니 서운하고 정떨어지네요 웬만큼 벌어넣으셧구만..돈나갈일에는 외면하시는...  많이바라지도않아도 ..용돈도필요없고..거한생일상은 바라지도않아요 그냥  오늘 너 생일이지??축하한다 이한마디면되는걸  ,친정엄마..
많은 언니들 토닥임에 큰 위로 받았습니다.감사드려요~^^남편과 그후로 길게 이야기 나누고 감정빼고 좀더 냉정한 정신으로 의견 나눴어요..서로에 대한 불만 있을거고.분명 나도 감정건드리는 부분 있었을거다 인정하고.그래도..사실 이야기하면서도 참 답답하고..저렇게 나를 이해못할 수가 있을까 싶고..다른건 몰라도 또 입닫고 동굴 들어갈거면 들어오지 말고 방잡고 보이지마라고 했네요.애들때매 내가 나갈순 없으니.피차 안보도록.그냥 나가서 말하고 싶음 들어오라고.시엄니는 제가 전화로 펑펑 울었더니..좀 누그러지시고 이야기 나눴어요.전화안받은 건 잘못했습니다.근데 마음이 힘들어 그랬습니다.그래도 애들보고 힘내라 그러시고..추석준비 이야기했어요.우갱님들 감사한 마음에 독서실 간 딸 기다리며 적어봐요~♡,화난 시엄니 그후
"시어머니는 3년전에 돌아가셨는데 가끔씩 생각이 납니다  시어머니는 망언제조기였는데  돌아가시고 나니 시어머니에 대한 추억들도  좀 있습니다   남아선호사상에 의한 망언만 아니었다면  더 좋은기억으로 남아 있었을겁니다   말을 고약스럽게 했지만  갈등은 별로 없었어요  시어머니는 집안일에서 손을 아예 떼셨고  일절 간섭을 삼가했으니 며느리한테 이래라 저래라 할일도 없었으니 갈등도 없었던겁니다    시가에 가면 시어머니 방에서 잤는데  그때는 승용차가 없어서 어쩔 수 없이 자고 왔어요  지금은  밤늦게 집으로 옵니다  시어머니가  혼자 되신지 오래되셨고 말벗도 없고 막내 며느리와 아들, 손자와같이 자면  계속 이야기를 하셨어요  주로 자식들 이야기였는데  듣고 있자면 세대차이나서 별로 공감은 안되었는데  지금와서 생각해보니 어머니가 참 외로우셨어요  우리가 명절지내고 돌아갈때는  안보일때까지 10분도 넘게  창밖으로  내다보셨어요   시어머니가 막내며느리를 가장 예뻐하셨다고  윗동서들이 그런말 하더라구요  예뻐할 수 밖에 없는거죠  싫든 좋든  명절에 시어머니 옆에서  자는 며느리가 저밖에 없었으니까  용돈은 윗동서들이 더 많이 드렸어요   시어머니가 털코트를 선물 받았는데   리얼모피라고 하는데 그옷을 저한테 입으라고 주셨어요  그런데 저한테 어울리지도 않고 크고 스타일도 나이에 맞지 않았어요  윗동서들한테 적당한것 같아서  형님 입으시라고 했더니  어머니가 자네한테만 준거야  우리한테는 입으라고 안했다는겁니다  시어머니 왈   너한테만 입으라고  했는데 눈치도없게 그걸 형님들에게 말했냐고 하네요  음식도 윗동서 몰래 싸주셨어요    그리고 결정적인 사건이 있었어요  제사음식에 술상 밥상에 하루종일 일하느라 너무 피곤했어요 아침에 일어났는데 이불이 축축한겁니다  시가에서 이불에 실수를 하다니 큰일났어요  뭉개고 있는데 신랑이 빨리 나오라고 하고 시어머니도  빨리가서 상차리라고 하는데  인상을 찌뿌리고 어쩔 줄 몰라하니  시어머니가 눈치를 챘어요  아무소리말고 이걸로 갈아입고  나가서 일하라고  옷을주셨어요  시어머니가 이불을 빨아 널면서  내가 늙으면 죽어야지 물마시다가 손이 떨려서  이불에  다 엎질렀다고~  식구들에게 그렇게 말했어요    시어머니가  돌아가시기 몇달전에는  용돈을  주셨어요   용돈을 제가 드려야 한다고 거부했더니  내가 용돈이라도 주고싶어서 그래  하시더군요  옷도  몇번 사주셨는데  가격은 만원이라고 하는데   그마음이 중요한거죠    그런데 제취향이 아니라  친정엄마  가져다 드렸어요    시어머니는 며느리들과  다정하게 교류하지 못했어요  명절이라고 해봐야  피곤에 찌들어서 아픔몸 이끌고 일하기 바쁜게 며느리들이고  시어머니 방에 와서  잠깐 용돈드리고 가는게 전부이고   시어머니가 돌아가셨을때  상조회사 장례를 치뤘는데  장례 진행요원이 편지지를 나눠주면서  마지막 가는길에 보내는 편지를 쓰라고 했어요   길게 쓰지는 않았는데   저한테  낭독을 하라고 했는데  낭독할 생각 전혀 없이쓴거고   장례식에서 낭독하는것 잘 못하니 다른분 시키라고 했더니  다른사람분들은  너무 짧아서 낭독을 시킬 수 없답니다   시누이는 시어머니 돌아가시니 호상이라고 하셨어요  시누이도 말투가 시어머니 닮아서 말을 고약스럽게 하는데   잘 돌아가셨다 늙으면 너무 오래사는것도 안좋다 고 했는데   시어머니가 남아선호사상 때문에 딸은 남의식구 취급  오히려 며느리를 더 식구취급했다는것   그리고 시어머니가 돌아가시기 1년전부터 거동이 불편하셨는데 시어머니를  모셔갈까 생각했던것은  저밖에 없었어요  시짜라고  무조건 싫어하는거  아니죠   갈구니까 싫어하는거고 ~ 시어머니는  인간적인  마음에서 우러나서 모시고는 싶었어요  그런데 어른을 모셔본적이 없어서 자신은 없었고 마음만 있었어요   시어머니를 40년게 모셔왔던  큰동서가  아픈어머니는 못모시겠다고 했고  그리고 화풀이를 저한테 했어요  자네는 좋겠네  몸도 쌩쌩하고 시어머니도 안모시고 ~ 히스테릭해서  그 우울증이 저한테도 전염되었어요   큰동서가 정신과 치료를 받았다고 해요  정신적으로 우울하면 몸이 더 아픈거고   몸이 아프면 몸만 치료하는데 마음도 치료받아야 한다고 했어요    몸이 아프니   아프지 않은 시어머니 모시는것도 버거운데  시어머니가 거동까지 불편하니 한계가 왔던거죠   만약 제가 시어머니를 모셨다면  지금처럼 시어머니에 대한 추억이 없을지도 모릅니다  시어머니를 모시자면 노동력과 돈이 드든건 어쩔 수 없고  그게 한쪽에서 주기만 해야 관계라면  서로사이가 좋을 수 없는거죠    제사나  과도한 가사노동이 없이  그저 만나서 차한잔하고 담소를 나눌 수 있는 가족관계라면  시짜를 그렇게 싫어하지 않을겁니다  그리고 시숙이 6명인데 그중에서 괜찮은분이 딱 한분 계십니다  나머지 시짜들은  정말 ~       ",시댁갈등원인은  무리한 가사노동과 돈문제가 가장 큰것 같습니다
돌아가신  시아버님 제사생각보다 준비가 힘드네요ᆞ첨하는 준비들~~형님들 계시고 막내인데도맴이 맞지 않아서몸고생ᆞ맴고생주말에 제사지내고쓰러져 이제야 우갱도봅니다~~ㅠ,시아버님 제사~~
셋째시숙의 병세가 악화되어 중환자실로 옮겨졌고   마스크와 비닐옷을 착용하고 면회를 했어요   머리를 깍아놓고  호스를 끼고 있어서   처음엔 못알아 보았어요   건강하실때도  같이 이야기를 나눠본적이 거의 없고   한상에서 밥을 같이 먹어본적이 없습니다   저는 주방에서 일하는 사람 시숙은 먹는사람   셋째큰동서는 평소에는 성격이 쿨하고 수더분하고 편안하고    시짜 들어간 사람치고 괜찮은편에 속합니다   제수씨의 도리를 하고자  문병을 온거지 시숙과는 추억이 없습니다    면회하고 나오자 셋째큰동서가   아주버님 손은 잡아봤냐 다리는 만져봤냐 하는겁니다  시숙을 가까이서 접촉하는게 처음이라 시숙의 땀을 닦는데도 손이 떨리는데   아주버님 손을 어떻게 잡고 더구나 다리를 만지다뇨   자고있는환자니까 그럴때는 만져도 된다고 하는데    환자는 구석구석  맛사지를  해줘야 좋다고 하면서요    그것도 어느정도 친했을때 아닌지~  제사지내고 명절에 모인다고 가족이 화합하지 않습니다   여자들은 부엌데기 남자들은 먹기만  하는사람인데   언제 화합할 시간이 있나요   몸은  시짜들을 위해서 봉사하고   몸은  문병을 왔지만   한번도  같이 밥을 먹은적도 이야기를 나눈적도 없는 아무추억도 없는사이에   무슨 애틋한정까지 있어서   온몸을 다 만져주길 바라는지   셋째큰동서도 가끔 시짜일때가 있네요      ,환자인 시숙의 몸을  제수씨가  구석 구석 만지는것에 대해서
어느날 뒤돌아보니  올해 91세인 시어머니만 연세드신게 아니라  82세이지만 오랜치매로 요양원에 계신 아버지수발하시는냐고 맘고생하시는 엄마  25년동안  남의 부모 명절 챙겨쓰니  늦었지만 이제라도  나 키워주신 부모님 명절 챙겨드린다 했습니다   시누 다섯 못와도  세팀은 올텐데  고생하실 형님께 죄송하지만  지금이라도 이리 못하면 넘 후회될거 같아 명절 두번중 한번은 가려합니다  친정에 싸갈 음식 준비하는데  오랜만에  명절이 기다려집니다  ,이번 명절에 친정갑니다
혹시나해서 내용은 삭제했습니다.죄송해요,나참 기가막히네요
"저희 친정은 큰올케언니가 정말 좋은 분이라 명절 때 음식할 것들을 모두 준비해오세요.기독교 집안으로 제사는 지내지 않지만 동생들이 5명이라 줄줄이라 많은 재료들을 사와야 했을텐데 항상 해오셨어요.전 6남매 막내이고 큰오빠랑 나이차가 많이 나서 제가 어렸을때 시집오셨으니 언니가 하시는 모습을 그냥 당연하게 받아들였구요. 결혼해서 시댁에 가보니 제사를 모시고 있어서 처음 명절때 그걸 준비 과정을 지켜봤어요.연세드신 시어머니께서 차린 거라 별로 맘에 들지 않아그 다음 명절부터는 제가 다 준비해갔답니다.올케언니가 한 그대로 저도 이어 받은거지요.또 그걸 당연하게 생각했구요. 그런데 둘째 임신한 상태로 만삭이었는데시어머니가 밭에 할 일이 많다시면서 자식들을 다 데리고일하러 가신거에요.저 혼자 추석 준비를 다하라고 하시면서요. 하루종일 큰애 데리고 부른 배 만지며쭈그리고 앉아 전 부치고 음식 만들다보니저녁에 아무것도 못먹겠더라구요. 식구들은 돌아와서 그냥 차려놓은 저녁 먹었구요.전 피곤해서 대충 정리하고 누웠는데몸이 좀 이상하다고 느끼게 되었어요. 결국 밤새 끙끙 앓고 새벽에 위경련이 왔어요시골이라 병원에도 못가고 그리 고생하며 추석 아침을 맞이했는데좀 가라않자 누워있었거든요. 그런데 제가 준비한 음식으로 제삿상 차리고아침을 먹으면서도 저한테 괜찮냐라는 사람이 남편밖에 없었어요.죽이라도 먹어보라고 할 줄 알았는데그런 것도 없이시어머니 입에서 '재는 왜 건강하지도 않고 여기와서 저 지랄이야'라는 소리를하시는 걸 언뜻 들었어요.그분 말투가 원래 그렇다는 걸 나중에 알았지만저는 정말 미치는 줄 알았답니다. 시누가 오후에 온다면서 보고 가라고 하는 걸전 그냥 산발한 모습 그대로 친정으로 갔어요.남편은 어쩔 줄 몰라 따라왔구요. 친정에 오니 위경련에 좋다는 죽이랑 약을 준비해 놓았더라구요. 집에 올라와서 결심했죠.시댁은 가족이 아니니 내가 할 기본 도리만 하자구요.잘해도 소용없다는 생각이 들었거든요. 그때 한번 위경련을 했는데위가 약해졌더라구요.신경만 예민해져도 소화가 안되구 아파요. 아직까지요. 후에 남편은 시어머니 입단속을 엄청 시켰는지절대 저에게는 함부로 얘기 안하세요.그 전엔 아이가 아파도 명절이나 제사때 내려갔는데이 일이 있은 후론일이 있으면 그냥 음식만 해서 보내고 안가는 경우도 많아졌어요.남편은 남편대로 시댁에서 엄청 잘 도와주는 사람으로 변했어요.음식만 제가 하고 설거지며 뒷수발을 다해줘요. 그래도 천성이 어쩔 수 없는지 시댁에 온갖 것을 사다 나르는 사람은 저희 뿐이에요.이불, 그릇들, 냄비들. 어머니 옷이나 화장품, 세제들 등등 지금은 시어머니가 불쌍하게 느껴져 좀 잘해드려야지 싶어요.살아오신 얘기를 들어보니누군가에게 배풀거나 다정하게 배려해주는 것들을배우지 못하셨던거에요. 맘은 약하시지만 따뜻하신 편이거든요. 그래도 명절이 다가오면 꼭 소화가 잘 안되서잘 안먹게 되네요.정말 후유증이 오래가요. 오늘따라 시간이 나니 괜히 옛날 생각이 나서끄젹여 보았어요.    ",명절 다가오니 또 섭섭했던 기억들이 떠오르네요.
저희 시댁은 배다른 형제중 저희가 두번째시아버님도 오직 큰아들 모두 큰아들편에서저희도 친아들인데 엄청나게 차별당했어요친시어머니 약간 부족하신건지 친아들인저희보다 잘사는 큰아들편에서 차별하셨고요늙고 병들고 치매오니 두어른 주변에 저희만있네요 ㅜㅡㅜ 저도 사람인지라 싫지만 모른척도 못하고 종일 병수발하네요시어머니 치매에입원중인데 큰아들 오지도 않아요시댁고모들도 친아들있는데 큰아들은 신경쓰지 말라고 했다네요 .. 중환자실에 우리만 왔다갔다누구하나 병원오는 사람이 없어요 재산도 없고 병들고 .. 30년 차별받던 저희 뿐 징그럽게 차별받았는데 불쌍하기도 하고고민이 많네요 인생 잘살아야 할거같아요 ,인생사
"지난주 저의 우울증이 극에 달했을때 남편과 다퉜어요..남편이 회식가서 새벽3시에 멀쩡히 들어왔어요.저도 몇번 전화,카톡했는데 확인을 안하더라구요.자다깨다 저도 못자고 있었답니다.근데 너무 멀쩡히 들어와서 왜안자?그러고는 씻고 잡니다.좀 어이없고..굉장히 무시당하는 기분에 기분 안좋았어요.그날저녁에 와서 얘기좀 하자더니 어제는 늦어서 미안하다고 합니다.근데 그게 무척 형식적으로 들리는거지요.제가 그랬습니다.떡실신이 되어 들어왔으면 오히려 이해가 됐을텐데 멀쩡히 밖에서 회식하고 당구치고 왔다면서 핸드폰 한번 안봤다는게 이해가 되냐고.요즘 제우울증에 남편이 이해를 못하고 불만많은걸 압니다.그냥 무시한듯 해요.이럴거면 각자 할일 하고 살아야겠네..하고 제가 방을나왔습니다.이사람은 자기잘못이든 내잘못이든..이렇게 싸우면 말을 안합니다.답답했지만 이번은 이골이 나서 오히려 편하네요.꼬박 한달을 그러고 살았어요.참 너무 외롭고 또 외롭고..중간에 제생일도 있었는데 아들이 사준 초콜렛들고 참많이 울었어요..지나가다 누가 길만 물어도 눈물이 터져서 창피했네요.그즈음 시엄니 전화를 제가 안받았어요..싫어서는 아니고..제가 너무 울것같아서..평소 사이나쁜 고부간은 아닙니다.근데 저희엄니도 한삐짐 하시거든요.오늘 추석도오고 변명이라도 하려고 전화했더니 역시나 삐짐.추석때 오지마라.하시네요.저는 친정도 갈라믄 가야되는데..밖이시라 빨리끊고 지금 전화하려구요.하아...남편은 또 제게 다 미루고 입을 닫았습니다..",시엄니 화나셨어요
반갑지않은 명절이 이제 코앞이네요... 시어머니가 나이있어 힘들다고 제사 명절 맡긴지 8년째입니다    올 추석은 갱년기 때문인지 다른때보다 더욱 힘들고 부담도 크네요   음식많이 하지는 않지만 미리 준비하는게 이것저것 많잖아요...   대청소 이불빨래 제사상준비 음식준비등등...           똑같은 며느리인데 멀리사는 동서는  설거지만    몇번하면 다음 날 친정 갑니다...   동서가 미운게 아니고 그냥 부러워요     나도 큰며느리 아니었으면 얼마나 좋을까하고...     살아보니 큰며느리 잘해봐야 본전이던데 전생에 지은죄가 많아 큰며느리 됐나봐요..    저도 이젠 진짜 늙어가나 봅니다   제사 명절 이젠 그만 하고 싶네요  말 그대로 만사가 귀찮아요...    빨리 갱년기 지나가고 건강하게 살고 싶으네요...    그냥 답답해서 넋두리좀 했네요 우갱 회원님들은 명절 준비들 잘하고 계시는지 궁금합니다..                        ,추석명절
"셋째시숙이  임파선암으로  격리치료중이고  면회도 안됩니다    셋째 큰동서가   집안에 아픈사람 있으면 제사지내는것 아니라고  이번 명절에  제사 지내지 말자고 하는데  셋째동서는 본래 제사에 연연하지 않았습니다   그런데 제사에 목을 메는 첫째큰동서가 있습니다  제사 안지내면 큰일 나는줄 알고   큰동서가 40년 넘게 제사 음식하느라 인생 다 보냈으니 불쌍도 하지만  저한테도 그렇게 살라고 강요하는것은 정말 싫습니다  꿈에  조상님이   나타나서 수고했다  덕분에 저승에서 편안하게 있다  손을 잡아주면서 정말 고맙다고 했답니다   큰동서가 사이비 종교에 빠진 사람같았네요   큰동서는 뼈빠지게 음식이라도 하면서 그런소리를 하는데  시숙들은 제사음식도 안하면서 조상도 몰라보는 상것들은 죄받는다  그런소리를 하네요    제사  거하게 지냈다고 큰동서가 잘되었냐 하면  일단 몸이 망가져서 인공관절 수술했고요  허리, 눈도 안좋다고 하고  약을 몇가지를 먹는지 몰라요  하루치 약이 20알도 더 되는것 같았어요   저두 큰동서를  따라하면 저렇게 되겠지요    저한테  새벽4시에 오라고 하질 않나 만만하게 막내라고  몸이 힘들면 저한테 화풀이를 했습니다  큰동서때문에  이혼할뻔 했습니다  큰동서 딸이 저하고 1살 차이로 제가 딸벌입니다    날씬할때는  할일도 없고  한가해서  몸매만 가꾸니 아가씨같고  아줌마는 아줌마다워야 한답니다  살찌니까     할일도 없고  한가해서   먹기만 하니  요새 아줌마들 다 날씬한데 자네같은 사람이 어딨냐고 하네요  ㅎㅎㅎㅎㅎ   이번 명절에는 또 뭐라고 할런지   제사에 집착하다 몸이 그지경이 되었으니  제사 열심히 지낸걸로 인정받고 싶은심정은 이해가 가나  대물림은 아니라고 봅니다  더구나  제사 열심히 지내면 저렇게 된다는걸 몸소 보여주고 계시니까요        ",집안에 아픈사람 있으면  제사 안지내나요
"이건 뭘까.  뇌물인가.  왜 이리 이쁜 목걸이와 귀고리 하고도  부담 스러운지. ~ 결혼초 잘도 사주던 귀고리였는데 사업 말아 먹고 집도 날아가고 지독히  날 힘들게 했던 남편이  오늘 이렇게 해 주네요. ~~    사는게 거지 같아도 매년 마다 명절에 시댁에 대소사 맏며느리 노릇  제사까지 챙기고  거기다 남편 사업 말아 먹고 신용 불량자 되어 힘들어 해도 전 내색하지 않았고 제가 벌어 먹으면서 여기까지 허우적  거리고 왔네요.      친정 ,시댁.  단 한푼도 받은적 없고 오히려 시댁은  제가 더 도움을 준거죠. 시동생  자격증 딸때 비용 되어주고 기름값 5 년 되주고  명절에 휴가때 내 돈 썼으니까요.    어김 없이 명절은 다가 오네요   다 해놓고 시간 맞춰 와서 먹으라고해도 오기 싫다고 하니  이제 명절은 없애려고요.  나도 할만큼 했고 지독히 힘들었고  아팠던 기억들은 누가 알아 줄까요 !!!     내 새끼들만 챙기고 이번에 훌쩍 여행 갈려구요.  ~~~       명절이 다가오고 갑자기  목걸이 목에 걸어 놓고 보니 울컥해서요.  ~~~~    ",기분 참 묘하다. 
저흰 못받았어요. 친정에선 살림살이도 해주셨고 저도 대학 나와서 공무원이고 멋모르고 남편이 매달리는 바람에 결혼했는데 결혼후 명절때 가사노동에 엄청난 스트레스 받았답니다. 솔직히 날 키워주신 분은 우리 친정부모님인데 친정에선 받기만 하고 시가에선 제가 모셔야 되는 이상한 문화?에 갈등도 있었구요. 주위엔 보니까 시가로부터 어느정도 도움도 받았더라구요. 왠지 억울한 기분~ 에휴~제 팔자인가봅니다..ㅠ 그나마 요즘은 좀 적응도 되고 많이 나아지긴 했어요 아직 철들지 않은 시아버님이(해주신것 없이 너무  바라시고 늘 아프다며 신경쓰게 하세요ㅠ) 계시긴 하지만요~ㅋ 다가오는 추석 다들 힘내세요!,결혼 때 다들 시가에서 도움 좀 받으셨나요?
어는덧 시간을 잘도 지나가네요벌써 친정엄마 아주아주 돌아오시지 못하는 먼길보내고반년세월이 흘러가지만오늘같이 비가오면 가슴에  큰 구멍이난것같아요보내드리는날그날도 오늘처럼  비님이 오셨더래요너무 그립고 너무 보고싶고못다한 일만 생각나고그래서오늘같은날은  비님처럼눈물만 흐르네요..10년넘게 투병하시다 가셨지만그몸으로도  오랜세월 잘 견뎌주셨는데돌아오는 새봄은 보지 못하셨네요엄~~~마사랑하는 우리엄마보고싶은우리엄마그곳은 따뜻하시지요그곳에선 아프지 않죠.꿈에서라도 보고싶은데볼수가  없어 ㅜㅜ사랑해!!!엄마딸로 태어나서 감사하구다시만날 날까지열심히  살께요먼훗날 엄마곁으로 가는날은엄마와 함께할수 있겧죠,비오는날은 더욱 그리워ㅣ네요 ㅜㅜ
아들이 여럿 있는데..오는 사람만 오고 안오는 사람은 계속 안오고 (남자만 오는데.. 즉 맏며늘과 조카는 안오고 시아주버님만 오고)제사 음식이며 명절음식이며 시댁가는 나랑 다른 형님네만 나눠 내거든요...포기 하다가도 어떨땐 울화통 터져서요.. 누군 와서 노동하고 누군 쌩까고 안오고...오는 사람은 노동도 하고 돈도 내서 음식장만하고...ㅜㅜ,시댁 명절 음식준비할때요..
"어제 건강검진 결과 보러 갔는데 결과가 안 좋게 나왔어요. 당뇨 직전이라고 살 빼라고... 그런데 입 안이 헐어서 비타민 주사 맞으려고 기다리고 있는데 내가 옆에 뻔히 있는데도 병신새끼 병신새끼 똑똑한 척은 혼자 다 하더니...그러면서 제가 집에 음식 안 해 놓는다고 그러고..내 욕을 하더라구요.  그 동안 하도 들어서 이제 좀 감흥이 없긴 한데,,,나이 들면 유해지는 사람도 있다는데, 친정어머니 78세신데 갈수록 더 하시는 것 같아요. 제 마음 속에서는 이미 노인이고 언제 돌아가실지 모르니 내가 참자 이런 생각이 들어서, 그냥 참아요. 그래도 스트레스 받는 건 어쩔 수 없어서 네일샵에 갔는데, 저 우울증이고 아픈 거 아는 실장님이 돈도 안 받고 약간 정리해주고, 직원보고 나랑 앉아서 수다나 떨어주라고 눈치 주더라구요. 직원이 자리 비울려고 했는데 앉아 있으라면서 눈치 주고 그래서 차 한 잔 천천히 마시면서 수다 떨면서 왔어요. 친정어머니 얘기는 안 했구요. 그냥 다이어트 해야 된다. 닭가슴살 얘기 하고 식이조절 얘기하고 그러다 왔네요.   작년까지 제가 벌 때는 자주 가고 이래저래 많이 팔아 줬거든요. 어쨌든 지금은 돈도 없는 거 아는데, 배려해 주니 고맙더라구요.",자꾸 친정어머니 얘기해서 죄송해요.
오늘  남동생 생일이었습니다.. 생일 날이 오늘인가?? 긴가 민가하면서 카톡을  찾아보니 오늘이 맞더라구요~~ 기쁨 맘으로 축하해주고 조금 전 혹시나   울 엄마아빠는 아실까 해서 전화드렸더니 모르시더라구요...  그럴분들이 아닌데  이제 연세가 있으시니  그러려니 하고 제가 알려드렸죠...  축하전화했다고 하면서 왜 이렇게 늦게 알렸냐고?.. 조금 서운해 하시는데 저가 아빠 그럼  내생일 알아???  했더니 그럼  니 생일은 ~~~ 정확히  말씀하시는데 왜 그렇게 맘이 아픈지요... 첫딸이라 정말 예뻐하셨는데 지금은  내가 넘 아빠를 모르는구나 하는맘에 넘 맘이  아파 눈물이 나네요...  부모맘은 부모가 되서도 모르나 봅니다...    ,아빠가 나에겐....
이틀씩이나 자고 와야해서요,폐경기 증상 앓고 있어도 명절에 시댁에 가야할까요?
78세 친정 어머니인데요 한 소리 자꾸 해서 죽겟어요  아아 아침부터 너무 피곤해요 입만 열면 잔소리네요,원래 노인들은 한 소리 또 하나요?
이틀전 폐암일것같은 친정엄마사연 올려서댓글 달아주신 우갱님들 너무나 감사합니다!지금 세브란스병원에 엄마랑 같이 누워있어요.검사와 결과가 나오기까지 시간이 걸리겠지만..엄마랑 어떤결과가 나오던지 담대히 대처하자 약속했어요..불안해하시는 아빠도 자식들 있으니 걱정마시라고큰언니는 엄마 장기입원하심 아빠집에서 같이 살겠다고하고.. 여기는 큰병원이다보니 소아암걸려서 모자쓰고 훨체어타고 다니는 아기들이넘나 많네요.어려서 아픈 아기들보면서 늙어 병드는것은 당연하다 생각까지들더라구요..열심히 살고 병들고 또 죽고...슬픔도 삶의 부분이고 끌어 안아야하지 싶어요.엄마가 열심히 사시고 가족이나 이웃에게 많은도움 주셨던분이라 결과가 어떻든 순리대로 가실거라 믿어요..끝까지 맘편케 해드리고 사랑해드리고 싶네요..병원에서 환자들보다보니..왠지 맘이 다 내려놔지네요..최선을 다하고 나머지는 하늘의 뜻인것 같아요..우갱님들도부모님 살아게실때 많이 사랑하고 이제껏 건강한 신체를 다시한번 감사하는 시간이 되었음 좋겠습니다.위로해주신분들 다시한번 감사드립니다♡♡,친정엄마랑 같이있어요~
"울어머니는 첨부터 그러셨어요ㆍ알아서 챙겨가라~딸들은 싸주면서 ㅡㅡ.그런데이제는 편해요ㆍ아침 일찍 시골 갔더니명량체전 풍물봉사 가신다고 알아서 챙겨가래요~~휴우~~애들 셋,개 둘 데리고 시골엔 왜 간거니?삼겹살이 있길래묵은지넣고 찜해먹고 집에 왔어요~~오늘 가져온건,쌀 20킬로, 고구마 두박스,묵은지 한통,아로니아즙 두상자, 병어두마리 ᆢ콩물하려고 검정서리태랑 고추장 ~~~ 겁나 피곤하니 자야겠어요~~~고구마밭이 보이는게 전부가 아니랍니다ᆢ고구마를 캐고나면배추를 심어요ㆍ일이 끝도없죠?그 와중에 봉사도열심 이시랍니다ᆢ풍물, 도배등~~~~또,엄청 후하세요~~, 그렇다고퍼오기만 하는건 아니구요,생신은 늘 챙겨드려요~~~",딸보다 며느리가 도둑 ㅋㅋ
이번에 시아버님 팔순이세요.말도 많았지만 결국 내일 식구끼리만 한정식 집에서 밥 먹기로 냉장고랑 에어컨을 바꿔 드렸어요.근데 저번달에 갑자기 시아버님 전립선땜에 응급실을 3번이나 왔다갔다 입원을 하셔야 하는데 병실이 없어 소변줄 끼시고 집에서 통원 치료 받으셨는데 연세가 있으시니 열도 나시고 염증이 심하셨어요.다행히 큰병은 아니고 지금은 호전이 되셨는데 그 뒤 바로 엉덩이에 대상포진이...ㅠㅠ손이 안 다셔서 신랑이 매일 약 발라 드리러 다니고 있네요.시댁이랑 한 동네 걸어서 5분 거리....근데 또 오늘 반찬 갖다 드리러 갔는데 백내장이시라고 안과에서 두눈 다 수술 하셔야 한다고....ㅜㅜ이게 다 한달 사이에 벌어진 일이네요.그나마 시누랑 5만원씩 모아 둔 돈이 있어서 그걸로 다 해결은 하는데....할 말은 많지만 그나마 한 집에서 같이 안 사는 것만으로 위안 삼네요.,그냥 푸념...ㅜㅜ
오랜만이네요.지병없이 건강하게생활하고 계셨는데..친정엄마 70대초반이신데갑자기 숨이 안쉬어지신다고..이번주입원하셨는데 늑막에 물이차서 빼고..검사가 진해중인데 피검사나 등등 좋지않다고하네요.폐에생겼던 결절도 커지고..결과는 다음주 나오는데 내일 새벽기차로 서울갑니다.어린아이처럼 자꾸 눈물이나네요ㅜㅜ엄마없는 삶이 상상이안되네요..제발 암만 아니였음 좋겠어요ㅜㅜ,친정엄마가  아프세요ㅜㅜ
"친정엄마가 허리병이 심해지셨어요.  재수술전에 약물치료와 보조기차고 되도록이면 많이 안움직이며 치료하고 계세요~ 입원하셨다 지금은 퇴원하셔서 집에 계시지요. 오랜만에 막내딸 노릇 좀 하려고 겉절이. 파김치 ,엄마가 좋아하시는 나박국물김치 담궈서 갖다드렸어요.....  나박국물김치는 첨 담궈봤네요. 꽃모양 채소틀 한개 사야겠어요....  맛이 어떨지 ㅎㅎ 엄마는 한입드셔보더니~~ 맛있데요 ^^ 낼모레 50인데 제가 막내여서인지.....  뭘 해오던 과잉칭찬을 하세요~~  ㅋ 저희가 1남 4녀인데  저만 전업이어서~~  엄마와 노는 시간이 젤 많거든요. 막내딸 안 낳았으면 어쩔뻔했냐고!!^^         요건 삼일 전 담궈놨던 간장게장~~~ 점심때 개봉박두!!!  해서 점심 먹었어요.  알 듬뿍 들은 암게장을 좋아해서 봄급냉 암게로 담궜어요. 하루종일 꼼지락거렸더니 무지 피곤하네요.이제 식당문 닫으려구요 ㅎㅎ 우갱님들도 맛난 저녁 드세요~~~♡♡                ",아고....  오늘 일을 넘 많이 했어요  ^^
전 친정엄마링  안친해요..정 없어요..가까운 30분 거리인데도  한번 와보곤 놀러오래도  안오는 엄마도ㅠ 서운하고..아들네는  더 멀어도 툭하면  가는것도 서운..엄마혼자된게  안쓰러워  가까이에  집 사서  정착했는데..그럴필요  없을것 같아요..직장다니는 딸이면  가끔 와서  반찬도  해준다던데..그런것도 원하진 않지만....좀  그래요..,친정엄마랑  안 친한 분..
작년 겨울에 아빠 돌아가시고 엄마는 남동생네와 같이 사시는데요.두 분이라 30 드렸어요.부모님도 추석이라고 아이들 용돈 주셨구요.마음 같아서는 50 드리고 싶은데 제가 알바나 하고 있으니 조금 부담스럽기도 해요.11월 초에 엄마 생신이 또 있어요.저는 용돈을 다달이 드리지는 않고 있어요.제 돈 얼마를  그냥 드리지는 못 하고 무이자로 빌려드리고는 있구요.보통 친정부모님 용돈 얼마 드리세요?,친정엄마 혼자세요.명절에 보통 얼마씩 드리세요?
"78세이고요. 방금 채널에이에서 치맥이 통풍의 원인이라고 나온다고 보라고 전화온 거에요. 우리 2주에 한 번 치킨 한 마리 세 식구가 나눠 먹거든요. 부모님은 치킨 같은 것 안 드시죠. 아무리 옛날 사람이라서 그렇다고 이해를 한다 쳐도, 티비에 건강문제나 건강 프로나오면 가끔 전화오고요. 보라고요.   우리가 치킨 2주에 한 마리 먹는 것도 못마땅한가봐요. 1마리 해 봐야 양도 쥐똥만큼한 거 겨우 나눠먹는데...사사건건 간섭하고 티비 프로까지 뭐 보라고 전화오고 하는 게 도저히 이해가 안 되고 뭔가 화병이 치솟아 오를라 하는데, 말할 데가 없어서 여기 써요. 친정어머니라서 그렇지 만약에 시어머니가 이런다고 생각해 보세요. 이해가 될 일인지...",자꾸 친정어머니 얘기해서 죄송한데요.
"오늘은 싸랑하는 울엄마 83번째 생신~(축하♡축하~^^) 한국이었으면 하루전날 달려갔을텐데,,,ㅜㅜ 이른아침(랑&큰아들 출근 전) 띠링띠링~~축하전화를 드렸지뭐여요. 일단은 제가 먼저 엄마~~~워아이니♡~쭈니셩르 콰일러!생신 축하드려용~(물론 말로만이 아니고 전날 축하금 송금) 담은 랑이 축하메세지 전달,,,그리고 아들이 할머니 사랑해요~~~<<< 여기까진 하하호호~~ 다시 제가 전화를 받아서 시시콜콜한 대화시작! 저는 3남매중 막둥이...위로 언니랑 오빠랑~(울엄만 오빠야랑 함께 서울에서 사시지요.언니 또한 3~40분거리에 살고요.) 지난 토요일 언니랑 전화상 트러블이 있으셨데요...(밤새 한숨도 못주무셨다고...ㅜ.ㅜ) 현재까지 언니는 엄마께 축하전화도 없다하고.. 집집마다 사연없는 집 없잔아요...울친정 또한 크다면 크고,생각하기에 따라 그냥저냥 보통인거 같기도 하고.. 어쨌든 속상해 하시는 엄마말씀에 귀를 쫑끗!,,,,아하~그런일이... 그러셨구나....어머...왠일왠일...울엄마 속상하셨구나...ㅜㅜ 이러면서 얘기를 들어드렸는데요~저또한 너무너무 속상한거 있죠....ㅠㅠ 간단히 말하자면,언니야가 엄마보고 주일예배 후 자기네 집으로 오시라고...맛난식사 준비한다면서~ 엄만 그러지말고 울집(오빠집)으로 네가 와라~~<<< 여기서 서로 맘상하는 말이 오고갔더라구요.. 아들만 자식이냐~아들집만 집이냐~~딸집에서 며칠 지내시면 어디가 덧나냐...기타등등 아마도 그동안 맘에 쌓아뒀던 일들이 한꺼번에 터진 듯.... 한걸음에 달려가고픈 맘 굴뚝같은데, 그러질 못하니 오전내내 우울모드,,,, 세탁기가 해도 되는 여름이불을 손으로.. 억지로 땀좀 빼고나니 아주 쪼금 해소가 되네요...  울엄마~ 건강의 축복을 주신 하나님께 감사드립니다...(아멘) ",싸랑하는 울엄마~생신♡
주말 잘 보내셨는지요   전 주말에 인천에 있는  동생네 집에 가서 조카 생일 축하 겸  축구 응원도 하고   모처럼 한가로운 시간을 보내고 왔습니다   오늘이 7살 우리 딸 생일이에요   어제 딸아이가 그러더라구요   엄마 내일이 내 생일이자나요  깜짝 파티 해주세요 ~ 합니다   사실 시부모님과 같이 살다 보니  아이 생일이면 으레 식당 가서  밥 먹고 케이크 불끄는게 다라고 하지만   그래도 아이들은 본인 생일에 큰 의미를 두긴 하지요   그래서 출근 하면서 윗층에 올라가  시어머니께 아이 생일이니 저녁 나가서 드세요 하고 출근 했어요   그리고 유치원 차 타기전 아이에게 전화를 하는데 스피커 폰으로 전화 받는 아이 옆에서  오늘 힘들어서 미술 학원에 못데려다 준다고 하시네요  딸아이는 일주일 한번 월요일에 미술 학원을 다니거든요   이유는 힘들다고 하세요   힘들게 된 이유는 옥상에 작은 창고가 있는데 멀쩡한 창고를 지붕을 벗기고  리모델링? 한다고 시이버지가 일을 벌였기 때문에  뒷처리를 같이 하다보니 코피까지 났다고 하시더라구요   비싼 돈 주며 미술 학원 보내는데...수업료가 아깝긴 해도 아프시다니 알았다고 하고  전화를 끊었어요   그리고 딸아이에게 유치원에서 종일 수업 받고 오라고  전화를 다시 하니  이번에 생일인데 미역국도 안끓였다고  머라고 하시네요   아이 생일인데 미역국 안끓였어요   식구들 미역국 다 싫어해요  미역국 끓이면 우리 아이만 먹고  아무도 안먹어요   저 해년마다 안끓였어요   그런데...오늘 따라 월요일인데  출근 하는 며느리한테 머가 불만이신지   한마디 하세요   미역국 안끓인 제가 잘못인거죠 ?  지금 마음 같아선 저녁 식사 일정도 취소 하고 싶지만   우리 아이 속상하게 만들기 싫어 참고는 있지만  솔직히 제 마음 좋지 않습니다   아시겠지만  층수가 달라도 시부모님 모시고 산다는거  쉽지 않습니다  좋은점보다 단점이 훨씬 많지만 그래도 견디며 살고 있습니다  시부보님도 저와 같은 생각이실지 모르겠네요 친청 부모님은 그래도 이해하고 살으라고 하지요   괜시리 속상한 월요일 아침에 하소연 하고 갑니다   ,월요일 아침인데 정말 너무 하다는 생각이 ....
아침에 가족 카톡에 올라온 어머님의 선인장..넘 예뻐요..^^,어머님의 선인장
어디 나가야 해서 길게는 못 쓰지만 저아래 어떤 분 글 읽으면서 답답해서요.왜 우리나라는 아직까지 제사 명절에 이렇게 연연할까요?내 남편 조상이지 내 조상 아닌데 지내고 싶으면 본인들이 지내든지요.왜 그렇게 귀한 자기들 조상 제사를 남이 지내게 하나요?조상님들도 남의 집 여자들이 며느리로 들어와서 투덜대며 장만하는 음식이 맛있을 거 같지 않아요.진심이 아닌 제사상 저라면 받고 싶지 않아요.본인들이 직접 지내라하면 이미 제사 없애거나 간소화했을 거예요.명절도 그래요.파티처럼 즐겁게 지내야지 다들 집구석에  모여앉아서 제사상 차리고 며느리들은 죄다 음식만 하구요.차리고 먹고 또 차리고 먹고 무슨 먹방도 아니구요.다같은 가족이라며 누군 온종일 일하고 음식하고 누군 계속 먹기만 하고 이거 불합리한 거잖아요.시댁에 가면 시부모들이 며느리가 언제 친정에 가는지 눈에 불을 켜고 체크하거나 못 가게 하고 여자들은 친정도 눈치 보고 가야 하고 이게 무슨 명절이에요?그러니 며느리들이 명절에 거부감 심하고 시댁에 가기 싫어하죠.조상에게 잘해야 후대가 복을 받는다는 말도 저는 싫어요.산 사람이 우선이지 이미 돌아가신 분들이 우선이 아니예요.돌아가신 분들때문에 산 사람들이 싸우고 힘든 거 조상들도 바라지 않거니와 그게 복 받은 건가요?제사에 명절에 일만 하고 앉아있는 거 복 받은 거 아니예요.정말 복 받은 사람들은 명절에 해외여행 가는 사람들이죠.저희 엄마께서도 명절에 음식이고 뭐고 안 하시고 여행 가시고 싶다세요.저희 이모나 엄마 친구분들은 잘 사시는데 벌써 한참 전부터 명절때 부부끼리 여행 다니시거나 자식들 데리고 여행 다니세요.그러니 며느리들이 고부 갈등 없이 시댁에 자주 오더라구요.오지 말래도 온대요.저희 여동생 시어머님은 많던 제사 하나로 줄였고 돌아가시고 나면 지내지도 말라고 하셨대요.별로 사이들도 좋지 않은 일가친척들이 명절 때만 벌초한다 어쩐다 모여서 종가집만 고생시키고 여자들만 희생하는 이런 풍습 이제는 좀 없어져야 할 거 같아요.저는 아들에게 부모 죽고 나면 마음 속으로 그리워하고 추모하면 된다.생전에 나 좋아하던 음식 사먹으면서 즐겁게 보내라고 와이프 시켜서 음식하지 말라고 했어요.남편에게 우리 나이 들면 명절에는 여행 가자니까 부모님 돌아가셔도 저 멀리 전북에 있는 형네 꼭 갈거래요.선산이 거기 있거든요.그 집 며느리들은 무슨 죄냐고 평소에 다녀오고 명절에는 내 자식들 남의 자식들 좀 편하게 해주자고 했어요.우아갱 분들은 명절이나 제사에 대해서 어떻게 생각하고 계세요?,제사 명절에 대해 어떻게 생각하세요?
"울시부모님 아들만 고생할께 뻔하니 납골당하자고 하셨지만 왠만해선 그분의 고집을 막을수가 없더군요.살아 생전에 산소 문제 정리해주실려고 했는데 안됐죠 속상해 하십니다ㅡㅡ아버님이 납골당 해놓고 가신다고 몇년을 3분이서 돈 조금씩 모았어 그돈으로 산소 다시하고 남은돈이 1,200정도 있는줄 알고있는데 어디다 섰는지 영수증도없고 어디다 섰는지 얼버무리고... 설에와서는 벌초할 돈없으니 일년에 120만원씩 내자고 하시는데 뭐든 돈으로 하자고 하시네요.울시아버님 못낸다하시니 제사 니네가 모시니 우리보고 내놓라고하고(작년 설부터 제사 물려주심)제사도 그래요. 우리대에서는 증조할머니대 까지는 이제 안모셔도 된다는데 작은아버지 우겨서 실갱이하다 그제사만 서울작은집에서 지내구요 작은엄마 첨엔 반대하시데요 제사 한번가져가면 자기 아들 대까지 지낼까봐서요 지내다 또 막내작은아버지 내로 보내도 되냐구 그러시질 않나ㅡㅡ (어찌하다 증조할머니 제사는 서울서 모시기로)서울은 음식할 여자들이 많아서 괜찮데요 여적 시어머님 혼자 다하시다 제가 시집오고부터 둘이서 다해놓으면 오셔서 먹고 제사만  지내고 싸들고 가셔요 얄미워요.지금은 제가 제사 모시다보니 저혼자 다해놔야 오십니다 시어머님은 펜션 손님땜에 못오시고요  모이면 17명~많네요^^요번 추석도 또 혼자서~^^난 할수있다 파이팅!!!길고 두서 없는글 읽느라 죄송요 풀데가 여기밖에 없네요ㅎㅎㅎ",한사람의 고집으로 신랑만 힘드네요 뒷야기
"저희 시댁 아버님쪽 형제분들이 2남2녀가 살아계세요.벌초할때 제작년까진 한번 안오셨어요 넷째 작은아버지 52세 작은엄마 47세 자식들 고딩  막내작은아버지 50세 작은엄니 46세 대학교수 그분들 자식들 중1 쌍둥이 가족들은 납골당을하자 넷째 작은아버님은 자식이 잘되려면 둘레석도 쌓고 잔디도 다시깔고 산소를 다시 해야한다 우기시며 혼자 지관까지 불러서 좋은 자리는 자기들 자리라고 찜까지 해두셨더군요 자식 잘되는 터자리라고몇년의 실갱이 끝에 결국은 윤달끼였을때 넷째 작은아버님 뜻대로 남들처럼 뽀대나는 산소를 만들었네요 그것도 윤달에 해야하는걸 우겨서 한달전에 산소에 손댐(윤달끼인해는 아무때나해도 된다고 우김)그 넓은 선산에 묘자리 1500평 산소 8개를 신랑이랑 13살 차이나는 사촌동생이랑 둘이서 벌초를 다녔죠 그분들 자식들 이제 고딩,중딩들이 뭘하겠어요옛부터 산소는 잘못 건드리면 안좋다고 했는데 결국 신랑 사촌동생이 작년 가을에 33살 나이로 밤에자다 죽었어요 일이 그리될려고 한건 아니지만 원망이 다 넷째작은아버님께로 쏠렸죠.젊디 젊은 나이에 비명행사했으니...ㅡㅡ올해는 벌초를 오신다네요오면 뭘하나요 뺀질뺀질 눈치만보고 서로 안합니다 울시아버님도 작년 그일있고부터 그꼴보기 싫어 안가신다네요 선산까지 차로 4시간 넘게 걸려요 집에서 새벽3시에 출발해서 가야 8시쯤 산소 도착 그분들은 서울서 2시간 안걸리는 거리이번에도 신랑 혼자만 예초기 빡시게 해야할것 같네요 (아무도 못한다고 안함) 하지도 안할꺼면서 왜이리 우기시는지 쉽게 되는일이 없네요.신랑보내고 죽은 사촌동생이 생각나요 부모님 두분다 일찍 돌아가시고 여동생 2명이랑 뿔뿔이 따로 살았거든요.울집에 오면 밥도 얼마나 맛있게 먹어주는지 신랑이랑 둘이 서로 의지하며 지냈는데 이새벽에 문득 생각나네요.",한사람의 고집으로 신랑만 힘드네요ㅡㅡ
76살   우리친정 엄마가 갑자기 전화가 와서 번개친다고 무섭다고  불안해 하니  친정 엄마를 모시고 우리집에 왔네요.. 여기저기 아프다해서 여러검사를하고 여러 병원을  다닌결과평생아플것 같지 않던 엄마가 치매 초기진달을 받고 같이 식사를 하는데 넘나 슬프고 맥이 빠지네요.이젠 아플때도 됐다..하시면서 한숨을 내시면서 웃으시는데 눈물이 와락 쏫아지네요~~뇌 영양제와 치매를 늦추는 약을 처방 받았는데...약을 잘챙겨먹으면 일상 생활은 문제가 없다고하니 엄마 옆에서 열심히 운동 같이하고 함께 웃으며 지내려합니다..다들 친정엄마 말만들어도 마음이 찡 하죠..부모님 살아있 을때 잘 하고 지냅시다.. 우리 엄마들 횟팅 입니다...매일 전화 한통   따듯한 말 인사도 어른들은 큰 힘 이 됩니다..,친정엄마
친정어머니 78세이신데 유방암이 작게 있으세요 노인들은 암이 커지지 않는다는데 이번 건강검진 결과봐야겠죠  저도 뚱뚱해서  결과가 좋게 나와야 할텐데 걱정이에요,건강진단 마치고 기다리고 있어요
제 나이가 시어머니를 처음 만났을때  시어머니 나이예요첨 만난 시어머니는 참 차가운 인상이었네요 말도없고 미소도 없고 그래서 그랬나 무서웠어요근데 같이 지내다 보니 소녀같은 분이었죠저랑 장난도 많이치고 고부지만 친구처럼 지냈어요일방적으로 제가 치근됐지만요 다 받아주셨죠첫인상어머닌 제가 어색하셨던거네요제가 어색한 만큼 그분도 어색하셨겠지요그걸 어머님나이 되고  그걸 깨달았어요저도 아들 여친이 어색 하니까요  걔가 나를 어려워하는것 만큼이나 저도 어렵워요저한테 짜증내던 시어머니가 그때갱년기였다는걸 그때는 왜 이해하지 못했을까요 이제 시어머니 나이가 되고 보니  어머니도 철없는 며늘때매  참속상했겠다 싶어요비가오니 이제는 안계신  어머니 그 맑은웃음 생각나서 주절거려봐요이런  속네를 떨어놓아도 꼰대라고  하지 않을 또래가 있어서 좋네요,공감 할수 있는 또래가 있다는건 참좋은거 같아요
정확히 2시땡하니비가 퍼붓기 시작하네요~천둥번개가  쾅~~~~쾅주말비는 반갑지가 않아요12시간 근무라 주말밖에는 부모님 농사를 도와드릴수가 없는데비가 엄청쏟아지네요~와도 걱정  안와도 걱정~,비가 엄청 오네요~
저희어머님이 많이 편찮으셨어요 요양병원잠시들어가시자고 햇더니 안가시겠다하고 딸도 반대하고 여차저차해서  요며칠 많이 좋아지셨다하네요~~  오늘 안부전화드렷어요 어머니 식사하셨어요? 화장실은 혼자다녀오시구요? ㅡ 아프다ㅡ  목소리는 힘이 좀 생기셨네요 다행이예요 ㅡ니가 요양원 넣을까바 기를 쓰고 낳을라고한다ㅡ   잘드시고 얼른나으세요 ㅡ 혼자화장실만 다니시면 되죠  넘어지시고 다치실까바 그렇지 오해하지마세요ㅡ 오해는 무슨오해고? 니가 나아프다고 병원에 넣을라안햇냐고 소리소리지르시네요;;;   어머님이 좋은건아니지만 옛날에 할머니아프셨던 기억때문에 진심다해수발들고 왔는데 이럴수도 있나요?  ,여러분 같으면....  어쩌시겠어요?
시어머니 중풍으로 30년 다돼갑니다  저희 남편 차남인데  다른 형제들  돈도 안내고 시어머니한테 관심없구요 심지어 전화도 안받습니다  큰며느리 당연히 저한테 다 미루고  제사는 가져가 지냅니다 음식 분배해서 가져가구요 제사지내면 자식이 잘된다해서 지새끼  잘되라고 지내는거죠 시댁 빚까지 갚아주고  오늘  안과 데려간다고 예약 해놨습니다  덩치가 얼마나큰지 휠체어가 비좁아서 걷지도 못하고  소변마려우면 길에 아무때나 쌉니다 다른 며느리들  이정도인지 몰랐다하면서 저보고 욕봅니다 한마디할때마다 죽이고 싶네요 다들 눈에서 피는물 났으면 좋겠네요  다같이 나눠서 하자고 남편하고 22년째 싸우고해도 변하는건 아무것도없고 울남편 자기식구라면 끔찍합니다 부모한테 이따위로하면서 지들이 잘살고 새끼들 잘되길 바라면 아니지...,아침부터  성질이 확 올라오네요
"올해 팔십이신 저희 시어머님께서 당뇨,혈압도 높아 약드시고 계시는데 백내장 수술해도 괜찮을까요? 어머니 지인분께서 하셨는데 하고 나도 똑같더라며 수술한걸 후회하신다고 하셨어요.혹 경험담 좀 공유 부탁드립니다~",부모님 백내장 수술
회원님의 위로 충고  너무  감사합니다 부모 형제복  보단 현재의 가정에  충실하라는 말씀도 너무 감사하구요생각보다 많은분들도 상처가 있다는걸 알았어요이런상처 내 새끼에게는  안물려주기위해 노력하겠습니다이번여름 더운날씨 견디느라 수고많으셨습니다 건강하시고 행복하세요,어린시절 행복하셨나요?(펑 )
친정아버진 라면을 좋아하셨어요 그것도 쫄깃한면발이 아니라 불고 쫄아서  국물도 얼마없는 그런라면을요 라면을 끓여 드리면 이맛아니라면서 몇번 시범을 보이면서 갈켜줘도 제가 입맛을 맞춰 드리지 못했지요 지금은요  요래 끓여드릴수있는데 아버진 안계세요 제나이즈음에 돌아가셨어요 십수년이 지났지만 정말 보고싶네요 라면을 끓이면서 아버지를 만나고 눈물한방울 떨구며 요래 끓인라면을 어린시절을생각하며 먹지요 나이가들면 들수록 잊혀지는게아니라 더 가깝게 다가온다는걸 이 나이에 알았네요 ,라면 또 끓였어요
오늘 신랑  출근이라 혼자있기  답답해서  목적없이 나와봤어요  지나는길에 시원한 그늘벤치에앉아서 바람을 맞고 있어요 너무 시원하고 좋아요 옆에벤치에  환자복입은 아버지를  딸이  휠체어를 밀고나와서 도란도란 얘기를 하는데  (옆 건물에 요양병원)  참  살갑게 구네요    아빠 병원에서는 어때  잘해줘?  아픈데는 어때? 간병인은?  하면서   손톱잘라주고  참 효녀갔애요 2년전 아버지 돌아기신 아버지생긱나서 한참을 바라봤어요  아버지 요양병원에서3개월 계시다 돌아가셨는데 한번도 저리헤보지않았어요 딸이 묻네요 아빠 나이가 몇살인지  아느냐구  ㅠ아버지 기억이안 나시나봐요  (슬퍼 지네요)ㅠ,시원한
긴 내용을 썼는데마음ㅇㅣ 아파서 올리지 못하네요우리오빠 건강해지기를 빌어주세요얼마나 옆에 있어줄지몰라도3일만에 의식이 돌아왔습니다 ,눈을 마주함이 이렇게 기쁜일일줄..
언니가  틈만나면전화하네요친정언니들도 다 성격이 틀려요이언니는 나와같이 어려운 형편에살은추억이 있어그러지 지금 언닌 형편이 그때처럼 아주 못먹고그러진않아다행이예요내가 못도와주는형편이닌깐요오늘 몸은 어때나어디아파 병원어디갈거야 방광염 심하다네요약먹고있다고방광염 무섭네요자식도 나랑 않놀아주는데언냐가 이런얘기 저런얘기 해주니까좋네요카페 오늘 글많이 올리게되네요괞찬은거죠?내가 심적으로 힘든가ㅎㅎ,친정언니
언니네 집에서2박3일 잼 있게 보내고수돗물에서도 잘 사는 구피들뽀끔 끌어안고충청도로 다시 갑니다아들이 동행해서무거운건 양팔에 아들이 들고전 저 구피들은 살려서 가는게최고의 목적인지라ㅋ아들 뒤를 따라 가면서무거운거 내가 하나 들까 하니아들이 씩씩 거리면서도 말리네요엄마 몸살 한다고ㅋ완전 든든하네요왜 하나만 놔서아들이 둘이였으면 진짜 좋았을텐데양쪽에 든든히~~~수돗물에도 끄덕없고 주인이 두달동안 어항청소안해줘도 잘 살아남은 언니네 구피들을 가지고 갑니다형부가 거의 십년 넘게 키우던족보있는 구피들이라믄서ㅋ홈플에서 샀는 것들은 금방 가버려서구피들에게 또 애정을 쏟으며충청도에서 날 기다리는 나리에게로한 삼일동안 언제 오냐고 네번이나 묻네요마중 나가겠다고...내가 보고 싶은것보단시중 들어줄 사람이 아쉬워서인듯...하는 느낌이 드는건-.-역시 친정언니는 좋네요형부도 그렇고...무릎 아파서 형부가 맛사지 기계로계속 치료해주고언니는 근육에 관계된 영양제를한통 주는데 반틈은 벌써 나은것 같습니다에휴...내일 시어머니 요양병원에 가 봅니다내일은 표정관리를 어찌해야 될지-.-아직까진 몸도~기분도 너무 좋은데~충청도로 진입해도 좋았으면 합니다만^^친정식구들과 보내는 휴가가 참으로 좋네요내년에도 또 와야겠어요언니네랑 같은 아파트 살아서다시 예전 느낌이 나서 너무 좋았는데다시 김해로 오고 싶은 마음을 아쉽지만 뒤로 한채 지나가는 기차창문 너머 풍경이 괜시리 더 잡을려고 하네요~~,구피를 뽀끔 끌안고~~
시부모님 시동생 시누이 저희식구 이렇게 여름휴가를 갔습니다. 앉아서 먹기만하는 시누이가 어찌나 밉던지...또한가지 제남편이 저에게 맥주를 따라주니 눈을 흘기시는 시어머니...참 나!,맘을 이쁘게 써야 하는데
아버지를 보내드렸어요 암인데도 아프단 말도 힘들단 말도 없었던 아버지... 그저 괜찮아 괜찮아... 정신없이 다 정리하고 삼우제까지 치루고나니 아버지가 다시 보고픔니다 33년전 엄마를 보내고났을땐 밤이 너무 무서웠어요  어른들은 그게 정떼는거라 하더군요 그런데 아버진 정을 안떼고 가셨는지 보고파요   보고파요 아버지...  ,삼우제...
" 이번주에 중요한 행사가 있는데 ...제가 오래도록 주도를 하던 입장에서  발을 빼야 되는데  어떻게 현명하게 처신을 해야할까 고민이 되었거든요.  이번주는 참 마음이 불편한데 아무에게도 말을 할수가 없어서....  그런데 이 휴일이 다 지나가는데 슬픈소식이 ...ㅠ 오래도록 병석에 계시던 이모님이  세상을 하직하셨다는군요...ㅠ  어릴때 저희와 살던곳이 멀다보니  몇번 본 기억도 없고 저 학교갈때 연필사주실 기회도 없었지만  혈육이라 .. 소중한 큰이모님인데.. 마치 내마음에 검정색 셧터(맞나?)를 내려버린듯 ...캄캄합니다. 무슨 말씀이라도 해주실래요?..  장례가 처음도 아니고 ..가까운 친지들 양가어른들도 보내봤는데 이번엔 제가 나서지 않아도 잘 하겠지만 .. 참, 지금 이 글을 쓰고 있다니... 머리가 엉겨서 횡설수설하고 있네요..  갈 준비해야겠어요...그럼  ",마음이 불안하더니...내용펑예
"왜 갑자기우리 할머니 생각이 날까요? 제가 태어났을때 오빠가 있는데도 딸낳았다고 (키워 남 좋은일 시킨다고)화를 내셨다네요. 그리고 제뒤로 남동생이 두명 있어요. 막내 남동생 낳았을때 어머니께서 제이름 말씀하시며 안외롭게 딸이었으면 좋았을텐데 하고 혼잣말하셨는데  그말씀 들으시고는  ""뭐라카노! 아들이 훨씬좋다.  씰데없는 소리 하지마라""하시며 야단치셨데요.  전 딸이라는 이유로 구박받은 기억밖에 없어요. 사탕을 사셔도 숨겨놓으셨다가 오빠,남동생들에게만 주고... 어릴때 할머니랑 같은 이불 덮고 잤는데, 잘려면 왜그리 간지러운 곳이 많은지 사부작 거린다고 혼나고. 제가 당신얼굴을 빼다 박았다는데 왜그렇게 미워하셨는지...  ",우리 할머니 생각이 갑자기 나네요.
"많은 분들께서 의견주셧는데 일일이 답글을 못달겠어서 다시글올립니다,,, 이틀을 어머니곁에 있어보니 도저히 혼자케어를 할수가 없더라구요 앉히고 눕히고 제가 허리가 않좋아서도 있지만 남편이랑둘이서 부축해도 너무힘들더라구요ㅠㅠ 다리에 힘을주고 서계시지를 못하실정도로 아프신데;;; 큰시누는 계속 경과를보자구하는데 어이상실~~ 본인이 요양병원싫다는데 어쩌냐구하구 그래서 제가 바퀴달린의자로된 변기가 있길래 그거라도 사야겠다하니;;; 탐탁치를 않아합니다 본인의지로 할수있게해야된다나요? 무슨 개풀뜯어먹는소린지~ 대소변받아낸다고 식겁햇다하니 안믿는건지;;;; 큰시누는 자기시아버지를 집에서 오랫동안모셔서그런지 ~~ 어머님을 병원에 보내는게 싫은가봅니다 큰시누가 어머니댁근처사니 병원도모시고다니고 하니 제남편과 시어른들은 큰시누의견을 많이 따르는데 저는 답답하네요 제가하는 가게는 금방접는게 말처럼쉽지가 않아서 내놔보기는 하겠지만 정리가 빨리되지늕않을거같아요 우갱가족들 의견이 많은 도움이되네요^^감사합니다",병수발2
"넘 당연하다는듯이 말씀하시는 시아버님이 뻔뻔하다는생각이드는밤입니다....  시어머님이 아프셔요 별다른병명없이~~  2주에 한번씩와서 이틀씩있다가 집으로갔어요 4시간거리예요 시댁과 저희집은,,,  저도 일을하구잇거든요 어머님께서 요양병원은 절데로안가신데서  방법을 찾는중에 저보고 가게접고  일주일씩 내려와서 어머니병구환을 하라네요  저도 어느정도는 생각을하고 있었지만 데노코 이래라저래라 하시니 더하기싫은거잇죠   어찌 저리당당하게 요구하시는지;;;   남편한테 퍼붓고싶은데 참고 잇으려니홧병이 다 나네요  이집은 며느리가 돈안줘도되는 팔출부나간병인정도로 여기는거같아요   가게를 차려주신것도 아니고 빚내서 하고잇는데 접어라마라 하시는게 너무 하시지않아요? ",병수발
"일하는 딸이 안쓰러워 한달에 한번씩이렇게 바리바리 싸들고 오시는 친정부모님..올여름은 너무 더워 집밥보다 외식이 많아서날 더우니 이번달은 패스하시라했더니지난주 친정아빠생신땜에 친정집 다녀왔는데일도 힘든데 집밥안먹고 사먹는밥 먹어서살빠졌다고 옆에 앉혀놓고 못챙겨먹이니이렇게라도 해서 갔다놓음 푹~푹 먹을까싶어이 더운날 사골국에 찌개종류만 2가지반찬 8가지에 군것질 좋아한다고 주전부리에제가 좋아하는 쌀국수,영양제거기다 감자,양파 한자루,쌀20키로 용돈까지..이걸 14년째 하고 계시네요ㅠㅠ너무나 당연한걸로만 여겼던걸커가면서 그리고 내가 자식을 낳고 키워보니알겠더라구요..주변친구나 지인분들이 부모복 대박이라고..제가 느끼기에도 부모복은 정말 최고인듯싶어요근데 전 이렇게 받고 있음서 정작 제 자식한테는울부모님처럼 마냥 희생하고 베풀지못하네요또 그만큼 부모님한테 잘하는 딸도 아니구요그냥 맨날 징징거리는 막내딸..내일부터 출장땜에 계속 서천으로 왔다갔다출퇴근해야하는데 부모님 덕분에 울집 다른성씨들일주일 국,반찬걱정은 덜었네요특히나 엄마가 오셨다가심 울집 까맣게 변해있던은수저들이 반짝반짝 거려서 넘 기분좋아요~♡♡카페글보면 가끔 신랑님들 자랑하는게넘 부러웠는데 전 신랑얘기라곤 욕밖에없어서ㅋㅋ",우렁각시가 오셨다 가셨어요^^
"시어머니가 6월 달에 췌장암 말기 진단을 받으셨어요. 1년 전에는 당뇨 진단을 받고 놀래시고 그 뒤로 열심히 당 관리 하시더니  당뇨가 췌장암 때문에 온 거를 몰랐네요. ㅠ   그 때 암검사를 받았어야 했는데........  첨엔 시어머니가 워낙 믿음이 좋으신 분이라  하나님이 살려주실 거라는 확신에 차 계시고 평안하시더니 증상이 시작되니까 절망에 빠져 계시네요.  지금 두달 막 지났는데 병원에 입원해 링겔 맞고 계시고 식사를 아예 못하시는 상태랍니다.  이렇게나 진행이 빠를 줄은 ... ㅠ     서울 큰 병원에서 항암치료 권했는데 거부하셨답니다. 몇 달 더 살려고 뭐하러 힘든 거 받냐고... 제 생각에도  그 맘은 이해 가는데..... 그리고 연세가 73이라 항암치료를 견디실지도 의문이구요.  저희 엄마 4년전에 가셨는데 그때 우리 아이들에게 외할머니가 없다는 사실이 왜그리 가슴 아프던지요.   제게 외할머니의 사랑에 대한 추억이 있어선지...... ㅠ     우리 애들은 어렸는데......  시어머니도 손주 크는 거 보고 싶다고 하셨는데........   첫째 15, 둘째 11 아직 어린 나인데 벌써 가려고 하시네요.  전 시어머니 가시는 게 맘 아픈 건지, 울애들한테 할머니가 한 분도 안계신게 가슴 아픈 건지 모르겠네요.  맘이 착잡하네요...... ㅜ   ",죽음을 앞둔 시어머니
다들 언니나 여동생 있으면 좋겠다는 얘기를 많이 하는데 나는 우리 언니랑 너무 코드가 달라요. 전화해도 불편하고.. 내가 이상한 가봐요.,언니가 불편해요.
7080노래를 듣는데 갑자기 부모님 생각에 눈물이 주르륵 납니다 님들은 어떻게 맘을 달래시나요?가을이 되면 부모님 산소에 갔다와야겠어요 ,돌아가신 부모님들이 그리워 눈물이 납니다 
엄마 기일이  한달쯤 남았네요  엄마는 69세에 이승을 뒤로하고 하늘나라 가셨어요  지금 생각하니 참젊은 나이였네요  가부장적인 아버지  에 7남매에 친정엄마까지 모시고   논과 밭만많은  남들은 부러러만 했지만   ~그삶이 얼마나힘들었을까  애들 학교갈때마다 도시락 다싸주고  집에 오는 손님들 많아  서  다밥해주고  우리아버지 너무가부장적이라 엄마 큰소리 한번 안내고  막내까지 다 결혼 시키고 이제좀 편하다 싶으니 돌아가시고    그땐  몰랐어요  나도 열심히 사느라 엄마가 얼마나 힘들었을까   자식들 많아도 다 살기 바빠서 ~근데 이제 나이를 먹어감에 따라  자꾸만 엄마생긱이 나네요   우리 엄마도 분명  갱년기가 있었겠지요  노안도 있었구 몸도 많이 아팠을거에요  하지만 우린 아무도 그걸몰랐어요  새삼 이나이에 자꾸생각나는건 나도 이제 늙어가는 거겠죠,엄마
방이 가을타서 썰렁할까요~주말타서  방을 비워 썰렁할까요?!^^나도 좀 있다 둘째랑 엄니뵈러 버스탑니다.새벽에는 요란한 비소리에 반수면 상태로깼더니 컨디션은 그리 좋지는 않지만 살랑되는바람과 반쯤 그늘드리운 하늘의 배웅받으며길을 나서볼까 합니다.어제밤에는 귀뚜라미소리도 들리던데요~굳이 마음쓰지않아도 때가 되면 알아서제 갈길 가고 오는 자연의 섭리는 늘 오묘하고심오한 거 같아요.다음 주 말복보내면 이제는 가을이 익어가는절기들이 순서를 기다리겠네요.익어가는 가을의 군상들을 보면내 마음도 처연하게 가을을 닮겠지요!!그렇게 또 나는 가을이 주는 그네에내마음도 오르라내리락 타게 되겠지요.어디서 무슨일을 하던 소소한 행복과사소한 에피소드도 즐거움에 미소지을 수있는 주말보내요~~*,엄니뵈러 갑니다~
"제일 친한 친구, 오늘 옥수수 먹으러 오라고 전화했더니 공항 간다고...여동생 딸내미(초4) 미국 어학연수 가는데 배웅간다고~~뭐 거기까지 따라가니 하고 물었더니, 여동생이 혼자 돌아올때 울지말라고 같이 가주는거라고, 막내딸 보내는 마음이 어떻겠냐며...자매는 그런건가봐요, 거기까지 생각이 미치지못했는데~~^^열흘있으면 제 딸내미도 교환학생 떠나는데, 벌써부터 마음이 싱숭생숭... 엄마 많이 웃겨주고, 잘 챙겨주는 믿음직한 딸내미...공항에서 올때 저 위로해줄 사람은 신랑밖에 없내요.(까칠한 엄마, 심심해서 어떡하냐고,고독할때 글 쓰라는 당부도 하내요^^)","여자 형제 있는 사람,  정말 부러워요"
윗니 전체 틀니를 했는데 말이 새고  이미지도 이상해졌어요말새는 거  원래 그런가요?틀니하고 일주일 정도 됐는데  아직 뭘 잘  못 드시네요.,전체틀니할 경우요
5년전 이맘때 친정아버지가 돌아가셨어요..그때도 너무너무 더웠다는 기억..해마다 추도예배드리면서 여름휴가와 맞물리게 되더라구요.몆년은 시골친정엄마집에서 콩나물시루처럼 에어컨있는 안방에서 북적북적..2년전부터는 가까운곳으로 물놀이겸 나들이갔다가 오히려 더위만 먹고와서 짜증..그러다 올해부터는 제가 좋은 아이디어를 냈지요.멀지않은곳에 펜션잡아서 에어컨빵빵하게 켜놓고 1박하자고.동생들이 더 좋아하네요.그래서...올해 펜션에서 추도예배드리고 음식해먹으면서 너무 시원하게 지내고 왔네요.남동생왈 아버지가 울형제들 혼자계신 엄마모시고 여름휴가보내라는 뜻이신거 같다고 하네요.짧지만 행복한시간였어요~~^^,매년 친정식구와 여름휴가
저는 울산 시댁은 파주파주에 2년전 아버님여의시고 혼자이신 시어머니랑 맨위 시누이네 그밑에 아주버님네 이렇게 다 모여사시는관계로울산에 뚝떨어져 사는 우리가 시댁쪽으로 매년 휴가를 옵니다어머님 생신이 양력8월7일 이라 결혼후 늘 그랬던것같아요시어른들 부산계실땐 부산으로 지금은 파주로ᆢ울남편하고 아주버님ᆢ둘다 스타일이 똑같음밥만먹으면 드러눕고 노는거 좋아하고 늘 말중에 3류개그가 50프로차지하고 ~~~시어머니도 참부지런하시고 시누이도 정말 똑부러지는데 아들들 둘은 왜 그럴까요ㅠ남들은 유머감각 있다고 칭찬할때도 있지만 20년 넘게 듣고살고있는 나로서는 듣기싫거나 유치할때가 훨씬 많죠~~^^나도 이제 갱년기 절정인지 진짜 이두분 쳐다보기도 싫고 배는 둘다 곧 출산할지경인데 먹고 드러눕고 하는거 보니 정말 싫으네요 우리시어머니는 이쁜 아들들 이시겟지만ᆢ직장서도 24시간 같이 있는저로서는 진짜 나만 따로 어디 가고 싶을뿐입니다 같은 일을 하게되면서 부터 진짜 학씰!!!!하게 알아버린 남편의 모습~~일단 일을 안합니다 ᆢ우리 직업은 일은 찾아서 해야는 일이에요근데 손에 똭 쥐어줘도 안합니다남편으로서의 의무나 아버지로서 책임감도 없어보여요 그외에것들은 모두 잘합니다다른사람들과 잘지내고 장인장모한테도 잘하고 시어머니께 효자고ᆢ집안일도 그런대로 도와주는편입니다 시간만 나면 본업이외에 다른데서 뭐 할게 없나 요리조리 찾습니다  참고로 저는 투쟙이고요 진짜 남들이 보면 진짜 호인인데 난 이남자랑 사는게 정말 힘드네요ㅠ 게으르고 착하기만한ᆢ착한것도 이젠 아닌것같아요 뻔히 알면서도 안하는거 ~~그게 착하고 선한걸까요우리 시어머니는 착하게 살아야된다 늘그러시는데 내마음속에 남편을향한 악한 감정이 생기는거 어찌 감당이 안되요ㅠ 두서없이 늘어놓았네요파주로 와서는 남편이랑 아주버님이랑 사춘기아들이랑 물놀이 보내놓고 혼자 푸념좀 했네요읽어주셔서 감사합니다,시댁으로 온 휴가
지하철에 오늘 냉기가 별로 없네요. 이럴때 꺼내드는 엄마표 부채~매년 30개 정도 민무늬 부채를 사서 그림 그려서 주변분들에게 선물하세요~올해 더욱 요긴하네요^^ 자랑자랑^^,엄마 마음 담은 부채^^
요즘 넘더운 열대아 때문에 더욱더  잠을이루지못하네요네시부터 깨워  커피한잔하면서 엄마생각이나네요.20살에 하늘로가신엄마 벌써 27년엄마랑 못해본게 넘많은데 ㅠ저두 3아이맘이 되었고요즘 아이들키우는게 넘힘이  들어  엄마는  우릴어찌키워을까 생각을 많이하게돼는 시간이 많이드네요몸도 마음도지쳐가는 오널 유난히엄마가 보구싶어소리없이  울어보네요엄마보구싶다 ㅠ,엄마가 보구싶네요
저는 재혼 한지 이제 반년되었네요얼마전 저녁 먹는데시모가 요양병원 갔다고그냥 아무말 없이 들었어요물론 마음속으로 여러가지생각이 교차했지만설때 뵀을때는 그리 안 심하셨는데~만말하고 형님이 마니 힘드셨겠네요...제가 초혼에 신혼때치매걸린 시할머니를 1년 모신적 있어요결론은 시어머니랑 그것때메 사이가 마니틀어졌지요왜냐면 시가쪽에서 다 칭찬하는데그 칭찬이 시어머니는 듣기싫구또 한편으론 비난이 시엄니한테 쏟아졌거든요다들 자기부모 모시기 그래서 안 모시다가제가 1년만에 급성장염이 걸렸는데이게 뭐하나 싶드라구요애도 안 놓고 왜 내가...이런 생각에결국 시할머니는 막내삼촌집으로저희집에서는 제가 대소변 다 받아내었는데삼촌집가서는 시할머니가 기어서 화장실을가시드라구요ㅠㅠ며느리시집이 대단했지요출산한지 팔개월만에 찾아뵙고 이혼하고 돌아가실때까지 시할머니 생각하면짠 했는데...시할머니랑 되게 사이가 좋았어요..근데 다시 재혼하니 시모는음...뭐랄까전혀 아직 정도 안 붙은상태고인사하러 갔는데도그냥 동네할매보다 더한그냥 저는 안중에도 없는 듯한치매걸리셔서 그렇겠지...생각했지만근데 원래가 남아선호사상이 엄청 강하신분저희 남편이 조금 성격이 이기적인데완전 시모랑 판박이ㅋ여튼 형님도 성격이 대단하신 분이시지만그래도 없는 살림에시모 모시고 직장다니고시아주버님은 경제적으로 도움이 안되는듯한이번에 재산상속했는데제생각에는 그돈 다 어머니 모시고 있는형님 드렸으면 했는데다들 집 한두채씩 가지고있는 형제들이 삼사천씩 다 나눴다하드라구요치매 걸리신분은 다들 오래 계시다가가시던데ㅜㅜ근데 모신시 반년만에 요양병원저도 알다시피몸이 맨날 골골해요예전 젊을때처럼 치매걸리신분모시자고 할 정도의 멘탈과 몸이 안되는데결론은 입에 발린 소리 절대 안하거든요괜히 말 꺼냈다가 덤탱이 쓸까봐서근데이남자 저보고 직장도 아직 안 다니는데열흘정도 다녀가시라고 말도안한다고..언제 요양병원같이 가자말 안했다고저보고 배운게 없데요교육 잘못 받았다고ㅜㅜ아직 친정에서 저 재혼한거 아버지는 모르는 상태왜냐면 아버지 건강이 안 좋으셔서혹시나 하는 우려땜에말을 못했어요그래서 우리집쪽으로는 사위도 아닌 입장인데그래서인지 저도 왠지 며느리역할은ㅜㅜ서로 재혼전에 각자 집에 며느리.사위역할은이삼년뒤부터 하자 해놓고이렇게 말을 바꾸네요ㅜㅜ나는 아시다시피 신랑 시집 엄청살고 있거든요 ㅋ날이 더우니 오늘은 축 처지네요그래서 우갱님들께 여쭤봐요그냥 모른척하고 지낼까요아니면 괜히 요양병원에 가 있는사람열흘이나 한달동안 모셔오면그담부터 어머니 계속 모셔야 하믄 어떻게 해요저 얼른 몸 추스려서 직장 다녀야울아들 대학등록금 마련할수 있는데재혼전에 남편과 합의한게제가 직장다녀서 번 돈은 아들 뒷바라지하는데 쓰게돈을 모으라했거든요다시 말하면 대학에 들어가는돈은해 주겠다는 말은 아니다라는 결론이죠그래서 직장은 선택이라지만제게는 필수지요지금 몸이 골골해서 실업급여 끝나면알바라도 알아보는데이런상태로 일 할수 있을지 의문이지만졸지에 날벼락시어머니...전혀 생각하지도 못한근데 제가 경험한 바로는제가 모시면 안 모시고 요양병원보낸 형님의 따가운시선과또 다른 형님 그리고 말많은 시누들까지ㅜㅜ어휴..다들 고마워하기 보다는 역효과가전 절대로 독립투사가 되고 싶지 않아요ㅠㅠ특히나 시댁문제에서는지혜를 주세요선배님들,내몸도 겨우 추스리는데 어찌 시모를..
아버지께서 임플란트를 하시고  싶어하시는데... 문제는 너무 연로하신데다가  오랜당뇨로 몸상태도  건강하지 못한상태신데.. 상담했던 치과에선  사진상만보고는 임플란트 가능하다고  7개를 한번에  심으려하더라구요... 의사쌤 실력이야 믿고 프지만 한두개도 아니고 7개를 한번에... 아버지께서 감당하실런지가 너무 걱정이예요.....,아버지 임플란트
편안한 시간 보내고 계신가요~이래저래 심란한 마음 추스리느라잠시 눈팅만 했었어요.뭐 부모 계신분들은 그 마음 알게되는엄마의 건강문제로 걱정하고 미리못챙긴거 반성하느라 마음으로 벌섰네요.연세가 높으셔서 막 좋아지는 건 아니지만안정적으로 유지되길 바라면서 노심초사하고 있는 중입니다.여름을 유난히 힘들어 하시는데 이번에는제대로 편치않게 보내고 계시네요.이 또한 무사히 지나가리라!!그렇게 소원합니다.엄마 아빠의 생각차이~^^ 진정한 열대야~~^^ 조심해요!!,지나가다가~
이번에 시어머니가 요양원에 들어가셨어요.요양원에 계신 분들이 50명 정도 되는 것 같던데 함께 드실만한 걸로 무엇이 좋을까요?한 여름이라 음식은 상할 것 같고요.택배로 보내드릴려고 하는데 무엇이 좋을까요?,요양원에 계신 시어머니께 무엇을 보내는게 좋나요?
밑에글보다가 생각난건데요요즘 핸폰이 얼마나 성능좋습니까 거기에몇천장의 사진이 들어있는데세상에 우리엄빠사진이 과연 몇장이나 될까요4월에 친정아부지 보내드리고 여기저기 마음정리해보다 느꼈어요아빠랑 얼굴비비고 찍은사진하나 없구나목소리하나 저장해둔게 없구나지금이라도 뭐라도하나 찍어두세요목소리녹음해두세요안기다려주시더군요,엄빠동영상 찍어두기
아버지를 요양병원으로 모신지 이제 2개월... 이제 정말 시간이 얼마 남지않았음을 느낍니다 오늘은 아버지에게  아빠 미안해요 아빠 고생많이 하셨어요 아빠 사랑해요 사랑해요라고...   아버지의 두눈에 눈물이 고이는걸보니 아마도 알아들으셨을까요   속이 까맣게 타들어가는 밤입니다    ,마음의 준비
"시댁은 주택 3층 사세요 요즘같이 더운 날씨는 옥상이 열받아서 더 더워요 전기세 무서워서  두분이 방 에어컨 켜놓으시고... 그곳에서만 생활하셔서 거실과 주방은 찜통이지요 잠깐 들리라하셔서 가봤더니 이 더위에  손자가 좋아하는 백김치와 아들, 며느리 좋아하는  열무김치와 반찬을 해놓으셨네요 넘 더운날씨에~~~  죄송하고 감사해요 어머님 잘 먹을께요 ~~ 감사합니다♡♡♡      ",시어머님이 반찬을 ~~^^
결혼을 하고 엄마는 3년정도 저와함께하고 암으로 세상과 나와 이별을 하셨네요  결혼한그해 여름부터 엄마는 신랑과 저를 불러 여름에는 밥해먹지말고 사 먹으라고 백만원씩을 3년주고 가셨네요 세월이 지나 나도 그런 멋진 장모 시어머니가 되고싶다는 생각을 해봅니다 갑자기 엄마가 너무 그립네요 거기세상에는 휴가가 없을까요? 3일만이라도 아니 하루만이라도 이곳으로 휴가차 오시면..좀더 기다려볼까요?,엄마.....
자존심강하고 누구보다 객관적이고 자상하고 착했어요.너무싸우다보니 ..변했어요.저두 한동안 꼴두보기싫었는데 참기시작 아닌척.. 그러니 좀나아졌어요.존경할 수 있어서 좋아했는데.. 서글퍼져요.가끔..,우리 언니
조상을 섬기는 일 일까요? 어떠한 마음으로 제사를 준비하시나요? 영혼이 오신다고 문 열어 놓는 어르신들은 정말 그렇게 믿으시는걸까요?   이상은 여름 제사만 두 번밖에 없는 아짐의 의문입니다~~~,제사는 남편을 위로하는 행위일까요?
아무리 한 뱃속에서 나왔다해도  성격다 다르네요  정이 더가는사람도 있구 더 미운 사람도 있구 이러면 안되지 하다가도 이헤안되는 행동을 하면 차라리 남이낫지  할때가 많아요  식구들도 많으면   별 사람도 있게 마련이겠죠 ?,형제자매들
울신랑포함 식댁식구들은 오버해서 징징데는? 스탈들이예요  시부모님두분다그러시더라구요 어머님이편찮으셔서  시댁에갓더니 ;;;;  아시죠? 입원하시면좋으련만  돈이없으신것도 아닌데도 궂이 집에계시겠다하시고~멀리사는 자식들만 오기를바라시네요   아버님이밥을 거지같이차려주네 어쩌네하시는데 저도 짜증이올라오더라구요 요즘같이 좋은세상에 도우미도움좀받으시고  하시면 좀 좋나요?   돈안드는  도우미도 이제 여기저기아픈데....  울남편도 어제치과다녀와서 징징ㅠㅠ 하필어제 죽집도 쉬고 삭신이 쑤신데 참치죽 깨죽 소기기죽끌여 팔목도시큰~~ 아침엔 살만한지 이말저말하길래  나아플때는 물떠다줄사람도 없다!  서로 바라지좀 말자 해주믄 해주는데로 입다물고 있어야 죽이라도 끌여준다하니 조용하네요 지겨워요 해도해도 끝이없는 뒤치닥거리 ,시댁식구들
   오늘같이 뜨거운날 그냥 나가면 머리 벗겨질거같아서 양산을 찾다가 어머님에게 물려받은 이걸 찾았네요 내가 한번인가 쓰고 넣어두었던 시어머니 양산... 어머니가 20대에 아버님이 일본 출장가셨다가 선물로 사왔다던 양산이예요 그러니 어림잡아 70년은 되었을듯해요 지금보니 양산기능은없고 기모노입고 모양내기로 쓰는 용도이었을듯~~^^ 바람으로 신혼때부터 속썩혔던 아버님이 최초로 선물해준거라고 아껴썼던(?)거라고 하셨는데 그마음을 알듯 모를듯해요      ,시어머니 유품중....
   작년 7월에 돌아가신 시어머니 첫 기일이라 전 부쳤어요 오롯이 저 혼자 했는데 에이컨 틀고 하니 그다지 덥지 않게 했네요~~ 해놓고 나니 마음 뿌듯하네요~~  ,시어머니  첫기일
그냥 들어보실래요즤남편 5남매 늦둥이고 아버지 얼굴도 모를정도고 집안사정상 큰형수와 시골집에 남겨져서 소싯적을 보내고 시어머니는 다른형제들과 상경해서 대학가르치며 고생하시다 이른연세로 돌아가시고대학때 말없는 남자라 그냥 저냥  어울려다니다결혼도 했는데요이 남자가 어른이 잘안되더라구요그래서 저도 고생좀했어요물적 심적 둘다요부모안계시니 큰형님이 큰어른 노릇하고 계셨는데만날때마다 옛날 당신 고생  그 슬픔을 저희에게 20여년이 넘도록 토로하셨어요그냥 모른척 쭉들어들어드렸어요나저도 눈에 차는 동서도 아니고남편 어릴적 거두신 감사에들어 드리자 했는데제마음이 크게 변한 계기가 있었어요지난 추석전 오래 아프다 엄마가 돌아가셨는데큰형님 같은 지역사시는데 명절에  차례에 나쁜 기운 붙으니 문상은 못온다 하셔서그것도 그러려니 했어요명절에도  상치루고 부정탄다 오지마럐서 안가고남편이   명절지나고 찾아뵈자길래 함께 식사하는데 3시간 혼났어요과거 이야기부터 제가 맘에 안드는 이유를 이유를   다풀어놓으시길래무엇보다 남편을 쥐잡듯 몰아쳐서형님   우울증이시니 치료받으시라고 하고 헤어졌어요저는 그간 형제들과 오간 사담 여기저기 안 전하거든요말이 말을 낳아 불란을 일으키자나요저도 당신 욕심과 고집도 아는데요이번엔 그냥 있을수 없어서누나들과 작은헝 부부께저는 남편을 지켜야겠다고 했어요즤남편 부모그늘이 없었던것과 매한가지라큰형수께 항변못하고 끙끙앓아요큰형수는 즤남편이 만만하고요지난주말에 작은형이 총대 메신다고교통정리를 해주셨어요저는 감사했습니다단단치 못한 남편 바람막이도 해줄 분들이 있다는것이 좋았네요대신 4가지 없는 막내동서 욕은 듣기로 공표도 했습니다긴이야기죠?,"시댁 흉아닌  흉, 제흉도 포함되긴하지만요"
"저희 친정은 81세 되신 아버지, 74세 되신 어머니  오빠와 저, 여동생 삼남매예요. 모두 제때 결혼하고 아이 둘씩 낳고 걱정 끼친 적 없이 잘 살고 있고요.  오빠의 둘째 아이가 재수를 하고 있는데 친정엄마가 성공적인 재수를 기원하는 뜻으로  금강경을 쓰고 또 쓰고..  1 킬로미터 되는 것 같아요.  읽고 쓰고 정리하는 것을 취미로 갖고 계시죠. 종교적인 뜻 없이 좋은 글이라서 할머니가 응원하는 마음을 보내는 거라고.  쾌활한 조카가 보자마자 쪼그리고 앉아 폭풍 눈물을 흘리네요. 글에 눈물을 쏟아 화룡점정. 엄마의 응원과, 조카의 노력으로 원하는 대학에 꼭 ! 가기를 바랍니다.     ",친정엄마가 소원을 비는 방법
"나이들어가니 점점 편해지긴 하네요^^남편은 어제 낚시가서아침 일찍 왔는데,개들도 좋아라하고 만족~김장김치도 떨어져서 가져가야하고마늘도 ㅋㅋ",날 뜨건디 시댁 왔어욤ᆢ
밑에 딸의딸 글보다가요우리애기가 친정갔을때요꼬맹이가 조잘되면서 티비앞을 왔다갔다 했는데아부지가 집중하던 프로였나봐요그노믜자식 가만히좀 있어라 했거든요그때 우리엄마가 주방에서 밥하다 뛰어와서는이농의 테레비 부숴버린다구어디다가 우리새끼한테 그딴소리하냐구난리피던게 생각나네요그노믜자식이 22살이구민망해하며 껄껄웃던 아부지가 이젠 안계시네요아부지보고싶어라,갑자기 옛날생각이..
잠은 잤는데잔 것 같지 않은 밤!당분간은 취침시에만 에어컨을 돌려야 할 듯요!에어컨 바람과 냉기가 너무 싫다보니 고집부리면서 고생하네요...옛날의 딸이 예날의 엄마에게~‘엄마! 돈은 쓸려고 버는거니 아끼지말고  에어컨 돌리세요~!’지금의 딸이 지금의 엄마에게~‘엄마! 에어컨 바람보다  땀쏟는게 더 스트레스니 에어컨 돌리고 주무세요’세월이 흘러서 환경이 아무리 바뀌어도 부모와 자식의 관계와 거리는 바뀌지 않았으면해요!욕심이라해도 무인지라 해도 그것이 따뜻한 세상이라고 믿는 1인입니다!오늘의 며느리가내일은 시어머니가 될테니까요~ㅎ아침부터 덥기싫어서화력없는 간단식사를 배부르게 하네요^^사과와 커피는 궁합이 안맞아도 맛나게 먹는다는 함정 ㅋ그래서 배가 안드가고 점점 오뚝이가 되어갑니다~~~ㅠㅠㅠ ,밤새 열대야
언니!!댓글이 막힌 글입니다~^^밤새 더웠겠죠? 곯아떨어져보니 아침이었어요 ㅎㅎ,밤새 열대야
그만집에 감자있느냐는 시어머니 전화끝에점심드시러 넘어오시겠냐묻고 말았습니다시골에서 올라왔단 감자 한상자는 사뿐하게 거절했는데 이 더운날 노인네가 감자를 갖다주려 하셨구나에 생각이 닿아 마음이 스르륵~뭐 맛있는거 해주게?어머니 이 더운날 뭘해요 그냥 션한거 냉면이나 시켜먹어요올봄 아버님이 돌아가시기전까진 너무 밉고 싫고 힘들게 하셨던 분지금도 그렇긴 하지만 사알짝 풀이 죽으신 분그래서 가끔은 안쓰러운 분이왕 뱉은 말저도 말대꾸 좀 한다는 질풍노도기에 접에 들었으니 그거 믿고 해치워 보렵니다심호흡 한번하고집 치우기 돌입합니다그녀와의 점심이 평화롭길 빌며...,심호흡 일발장전
만 65세 이상분들은 내일부터 휴대폰요금 50%할인이라네요~저희는 친정시댁모두 저희이름으로 가입해서 요금까지 내드리는데 ㅎㅎ명의이전 해야하나 ㅎ다들 문의해보세요^^부모님들  부담드시겠어요♡ 즐저되셔요^^,휴대폰 요금 할인요^^
오는 셋째 토요일   신랑 고모님 90잔치 (고모님  유일하게 한분 살아계심)-  (전남 나주)---같은날 친정동생  이번에 건물지어서 회사이전 개업식  -경기도 화성     친정식구 다오구  ( 딸이 회사에서 개업행사 맡았음)---신랑은 그날 하필 오전근무 ㅠ이럴땐 어디를가야 할까요 심히 고민됩니다  시댁 행사냐?  친정 행사냐?  왜 하필 그날인지,봉투 
지난 주 4박 5일며눌근무는ㅡ셤니를 저희집에 모시고 와서ㅡ고난이도의 노동력과정신적 스트레스를 요하지만언제나 그렇듯무.보.수.ㅋㅋ주말 2박 3일 친정 다녀왔어요~~2박 3일 딸근무는 차 트렁크에 온갖 먹을것들로 기득 채워두둑한 일당ㅋㅋ온천 다녀와서일당으로 받아 온자두 먹고 있습니다,[근무] 일당 받았어요!
제가 명절빼고 유일하게 맏며느리노릇하는날이 시아버님생신이에요.해마다 며느리둘 딸둘이 조금씩 음식해와서 상차리곤했었는데 몇년전부턴 시누이가 장봐서 시골에서 같이 만들자 제안한이후로 비용도그렇고 훨씬 수월해졌네요.사실 맏며느리란 부담에 제가 동서나 시누이보다는 훨씬 많이해갔었거든요.메뉴짜야하는데 손 덜가고 맛난 좋은아이디어 있음 알려주세요.작년사진보니 양장피 팔보채 갈비찜 골뱅이무침 문어 새우데침 샐러드 이정도 했네요.요리고수님들 댓글 기다립니다~~^^,주말에 시아버님 생신상차리러갑니다~~
펑했어요^^조언해주시고 위로해주셔서 힐링됐어요..^^언니들 친구들 동생들 모두모두 감사합니다^^,시댁은 어렵네요..ㅠ(펑예)
시아버님께서 지난주 뇌경색으로 쓰러지셔서왼쪽으로 마비가 왔어요대학병원에서 더 치료할게 없다고재활병원으로 나가라고 하는데타지 살고 있어서쉽지 않네요 ㅜ ㅜ,대구 재활 전문병원 추천해 주세요
"시어머니는 대종갓집 종부세요.언제나 부지런하시고 손도 크시고여든이란 나이 무색하게 suv차량 손수 운전하시는~철마다 음식을해서 보내주시네요. 손녀딸이 좋아하는 양념게장아들이 좋아하는 국물자작한 갓김치 꽈리고추 멸치조림.오이소박이…며칠지남 잘 익은 오이지를 가져 오시겠죠~문제는 손이 너어무 크시다는거~~주변지인들과 나눠먹는 쏠쏠한 재미는 있지만아마도 시엄니는 그 사실을 모르시는듯해요.저희가족이 다 소비하고 있는줄 아신다는…건강하시고,열정적인 삶을 사시는것만으로도 참 고마운일인데,약한 며느리땜에 냉장고가 항상 과부하 상태라는~~그냥 저희곁에 계셔 주시는것만으로도 위로가 된다는걸저희 엄니도 아시겠죠~",시엄니사랑:D
"시댁에 제사가 있어 가는데비가 음청시리 내리네요.남편 일 때문에 익산 들렀다가,경남쪽으로 가는데비가 많이 오니 길도 많이 막히고,갈 길이 머네요~아이스커피 한잔 마시면 딱 좋겠어요~","시댁 가는데, 비가 너무 많이 오네요~"
"얼마전(요즘 기억을 잘못해요 하루전인지,이틀전인지) tv를 보는데 두따님이랑 어머님(따님들은50대, 어머님은 80넘은분이신것 같아요.나이를 못봤네요.) 차를 타고 같이  여행을 다니시는데 차안에서 화투도 치시고,... 따님들이"" 평생 고생한 우리엄마 더늦어지면 못하게 되어 후회할까봐 여행을 다닌다""하시고 , 어머님은"" 지금죽어도 여한이 없다""고 좋아하시더라구요. 너무 부러웠어요 저도 그러고 싶은데  남편이 조선시대사람이라 말을 못꺼내겠어요. ",tv보다가...
결혼32년차  맏며느리  몇일전  시어머니께서 호흡 곤란으로  입원을 하셨다고  시동생께  연락받고 남편이 시어머니께   올라간지5일차 어머니 혼자 계시면 걱정이 되는지  퇴원을 했는데도 하루종일  어머니 옆을 봐드리고 있네요 오늘 제가 결단을 내렸어요 어머니 모시고 오라고 ㅠㅠㅠ 애달파하는 남편도 안쓰럽고  90순을 바라보는 연세에 돌싱인 막내아들  뒷치닥 거리도 힘드실테고 이번처럼  혼자 계시다 뭔일이  일어날지 몰라서요 32년 어머니와  파란만장했던 일들 수많은 사연을 뒤로하고  결정을 내렸는데  맏며느리의 자리  숙명인지 운명인지 인생사 다 그런거지 내스스로 마음을 달래며 지금 이마음 그대로 변치말자 다짐하지만  초심을 잃지않고 잘할수 있을까 제가 결혼할때 저희 시어머니께서 52살 만감이 교차하네요 이젠 세월이 흘러흘러  제가  그나이를 되었네요 이렇게 또 한세대가 흘러갑니다~                 ,전 맏며느리 입니다
"아까 엄마의 맞춤법 글 보고 나니 아침부터 엄마가 보고 싶네요^^울 작은 아들이 귀지 청소해주는걸 참 좋아해서 가끔 제 무릎 위로 달려드는데요. 귀지 청소해주는게 별로 안좋다고 해서 귀 안쪽 끄트머리를 살살 긁어주곤 한답니다. 저두 어렸을때 엄마 무릎베고 귀지 청소 받을 때가 참 좋았거든요.신혼 때 그 생각이 나서 남편한테 해달라고 했더니, 제 귓속은 하나도 안보인다지 뭐에요. 그래서 울 엄마는 잘도 해줬는데, 해주기 싫음 싫다고 해라 하고 버럭 했었거든요. 이제 와 생각해보니, 울 엄마도 잘 보이지도 않는 귓속을 긁어준거였나 싶어요. 엄마 무릎 위에서 간질이는 느낌과 함께 잠이 솔솔 오던 그 순간이 문득 그립습니다. 주말에 엄마한테 가서 모처럼 어리광이나 부려볼까요~~^^",엄마가 해주시던 귀지 청소~
,[공유] 엄마의 존재감.
올봄은 아니 나이대가 그래서 그럴까요..  지인들의 양가 부모님들이 많이 아프시네요;;  친구 친정엄마는 암초기에 발견해서 수술하고.. 직원 아저씨도 아파서 병원 자주가시고..  엄만 몇년전부터 건강이 안좋은데 이번해는 친정 아빠가 건강이 악화되어 많이 아프시고..  주위를 돌아보니 제 나이대가 장례식장과 병원을 자주 가게되네요.. 건강관리 해야 하는데... 맘대로 되지 않고.. 부모보니 쓸쓸하네요..ㅠ,건강이...
"53세 딸이 76세 엄마한테 요즘 그낭 힘들고 사는것도 재미없고 여기저기 아프고 그렇다고 푸념을 합니다엄마는 제게 힘을 주시고 토닥거려주시고 맛있는 김치와 반찬을 해다 주십니다그러데 문득그런생각이 들었습니다울엄마도 갱년기가 있었을텐데?난 왜 몰랐을까?아님 그냥 모른척 지나간걸까?엄마도 힘들고 아프고 외롭고 했을텐데그때 난 뭘 했을까?생각해보니 해드린게 없네요엄마는 항상 그자리에 계시고, 항상 엄마여야 한다는 ᆢ그렇게 생각한거 같습니다그래서 53세 딸이 76세 엄마에게 여전히 투정부리고 있네요그래도 엄마는 그런 딸이라도 있다는게 참 좋다하싶니다딸에게 딸이 없는걸 안쓰러워 하시고딸이 늙어가는걸 안쓰러워 하시고늙은엄마는 늙어가는 딸을 걱정하싶니다우리엄마도 갱년기가 있었을텐데 알아주지 못해 미안합니다",울엄마도 갱년기가 있었겠지?
,시누 올케...
남들은 결혼하면 친정엄마가 더 애틋하다고 하는데.전 그런 맘이 안들고 자꾸 섭한거만 생각나는게 제가 잘못  된거면  따끔히 얘기부탁드립니다~ 저는 애둘에 워킹맘으로 힘들게 애들키우며 살았습니다.친정시댁 찬스 절대 없었음시누전업주부로 애둘 어쩌다 만나게 되었는데 친정엄마가시누가 애들 키우느라 기특하대요 ㅋ본인 딸이 애둘 키우며 직장다니기 힘들다 했더니 니만 애키우고 직장다니냐고 면박ㅜ 둘째 낳아서 삼일만에 집에 와서 친정엄니 걸레 빨아서 저한테 던져주며 움직여야 한다고 방 닦으라고ㅜ그리고 일주일만에 조리 못해준다고  큰애데리고 내려가심.그 일주일도 제가 아이케어 다하고 밤중기저귀 갈고ㅜ집이 동향이라 해가 일찍 들어와 늦잠자고 싶어도 못 잔다 하니 아이구 꼬시다~정말 꼬시다는 듯이 비꼬시며..게으림피우며 늦잠잘 시간도 없는 나인데ㅜㅜ나이드니 자꾸 자꾸 더 섭한거만 생각나는데 제가 너무 속이 좁은걸까요? 요즘은 힘들어 잠깐 쉬고 있는데  본인 쉬시는날 마다 전화하셔서 볼일보러다니는데 운전수 역할또 일하면서  스트레스 하소연 하시는데 제가 더 스트레스 받아요ㅜ정말 대소사 빼고는 안보고 시프네요ㅜ,저도 용기내서 첨 써봅니다~
7년전 시모 돌아가시고 시부 함께 삽니다.아들  둘 . 남편. 집에는 남자들만 ㅠㅠ가족간 대화는 그닥 많지 않은편인데  저희 아버님이 대화가 없다고..  날  무시하는거 같다고..못살겠다고..  분가 하고 싶대요분가는 작은 아파트 하나 구해드리면 될꺼 같은데성격이 한성질 하시는지라 이렇게 따로 살게 되면 오히려 더 무서워요저번 시모 제사때도 시누들이 빈손으로 제사 왔다고 밤 12시에 시누집에 가서 난리난리 였거든요시모 돌아가시고 아버님이 암발병하셔서 함께 살았던건데  그동안 편찮으실때마다 병원모시고 다니고 간병해왔기 때문에 언제 다시 병환이 올지 모를 나이이기도 하고...그동안 살면서 저도 불편한거 없지 않았고 편한건만은 아니고 가족이니까 당연히 좀 섭섭한거 있어도 그냥저냥 사는거라 생각했는데 ...낼 당장 아파트 구하러 나가야할지 맛난거 사드리며 풀어드려야 할지... 기냥 한숨만...후우...,후우...
"끼니 때건 시기가 지나서건전화드린 김에""어머니 식사는 하셨어요""하면늘 한결같이""아니""하시는 분드실건 있으세요 하면""없어""하시네요어쩌라구요.   참 매번 느끼지만 어쩌라구요....집에 가면 정말 지저분해 볼 수가 없고참 치우는것도 한 두번이지 어쩜 저러고 계시는지답답해  하소연하네요 이 아침에",식사하셨어요 어머니?
아들이 183센티에 100키로 나가는데도 며느리보고 우리아들이 요새 말랐네 ㅡㅡ  어머니 왜 며느리가 그렇게 미우신가요?ㅋ,어떤 시어머니 
"결혼식이 있어서   뷔페에 가서 식사하는데   언니는  음료수 가져와라 ,커피가져와라, 과일 가져와라 시킵니다   같이 늙어가는 처지에 아직도 동생을 그렇게 취급합니다   엄마께  죽을 가져다 드려라,  국수를 말아다 드려라 시키기도 하고요   저는 다른사람보다 먹는 속도도 느린데   처음에는 들어주다가   나중에는 상습적이기에   나먹기도 바쁜데 자꾸  이것저것 가져오라고 하기에  무시해 버렸습니다    내가 안가져오자 직접 가서 엄마께 음식을 가져다 드리더니    삐졌는지  말도 안해요    엄마는  관절이 안좋으셔서 가져다 드리는것은 이해 합니다   전부터 결혼식  돌잔치  부페에서 그런일이 있었고   오늘은 엄마는 못오셨는데   저는 셔틀 거부하니까   이젠 제가 아니라  제아들한테 시킵니다    아들도 먹는속도가 남들보다 느려서  다 먹지도 못하고  홀에서  나와야했습니다   아들이 오늘  먹다 말았다고 하더군요     착해서 이모 셔틀 심부름하다 시간이 부족했다는말은 안하더군요   마음이 아프더군요    아들이 뒤늦게 먹고 있는중인데   혼자만 다 먹은 언니가   식이 시작되었다고 일어나자고 하는겁니다    더  웃기는건  과일 가져와라 시켜놓고  가져온것 먹지도 않고 일어나자고 하더군요   전에도  언니랑 같이 짜장면을 먹는데   저는 속도가 느리고 언니는 빠르게 먹는편이라서   짜장면을 반도 못먹었는데  빨리 먹으라면서    혼자 나가버리는겁니다   이런이야기 유치해서 어디다 하지도 못합니다  남들한테나 친척들한테는  그렇게 안하니까   친척들이 언니가 그런줄 꿈에도 모릅니다     아무리 동생이고  조카지만  뷔페에서는 각자 스스로 가져다 먹는것 아닌가요   시키더라도 다 먹고난후  시간이 남는 사람에게 시켜야지   먹고있는 사람에게 그 무슨짓인지 매너가 없어요   뷔페가면 시댁식구들 국셔틀  음식셔틀이 싫었는데   언니까지  그모양이고  윗사람이라고 셔틀 당연시 하는것 갑질 아닌가요    언니나 식댁식구나 남편이나      집에서 하던 습관이 뷔페에서도 계속 되는겁니다   시댁에서는 막내 며느리   친정에서는  막내딸인게 싫을때가 이때입니다    막내는 서열꼴찌라 하고싶은말도 못합니다    저같으면 서열이 위라도 절대 아랫사람에게 셔틀  안시킵니다    ",뷔페에서  음료수셔틀  음식셔틀  어떻게 생각하세요
저희 시댁은 아들둘에 딸하나에요.그중 저희는 장남 시동생은 막내죠우리 아버님 몇 해 전까지만 해도 고기를 사도 덩어리로 사시고 김장을 해도 200포기씩 하시던 손 큰 아니 돈을 막 쓰시던 분이였어요.그런 분이 노후 대비를 전혀 안 하신게 문제죠.어쩜 그리 전혀 안 하산거뿐더러 대출까지 있으시더군요..그리하여 딸은 안 하겠다 하여 아들 두 집만 매달 30씩 드리게 되었죠.종종 아니 자주 작은 집에서 용돈을 안 보낸다고 그것도 몇 달씩 하더군요.오늘 시어머니 생신이여서 아침 일찍 올라가 케이크 자르고 했는데  ...헐 시어머니 말씀인즉동서가 어머님께 자기네 노후준비해야해서 용돈 못보낸다 했다더군요.그 동안 어머니 아파트 세 놓은거 전세 올릴때마다 자기네 집인양 올린 전세금 받아 가고 변변한 돈한 푼 시댁위해 쓴게 없으면서맞벌이에 일년에 몇번씩 해외가며 돈 30을 노후준비 해야한다며 안 보낸다니정말 화가 나더군요.돈받아 갈때는 입 안에서 살살 녹게 굴다니 노후에 저리 되시니 생신때 오지도  않고 명절때도 전날 과일하나 사 오지 않고 빈손으로 왔다가는 사람들이제가 속이 좁나요. 너무 사람이 욕나오게 하네요. ,서글픈 노후
멀~~~~~~~~~~리 살면서 가끔씩 봐야 아쉽지 늘 보니 뭘 하는지..뭘 샀는지..뭘 먹는지.....ㅠ하나하나 간섭받고 싫으네요;;;,친정 옆에 살아도 힘드네요
"딸램 입원한지 모르시는 친정엄마..전화하셔서 ""반찬가져가라""옆침대 아기엄마한테 부탁하고 친정 날라갔다왔네요...친정은 우얀둔둥 좋네요...",친정은 사랑이지요...
